-- ============================================================
-- Generated by db_generator on 2026-01-20 01:18:57
-- Schema: Company (HR, Sales, Finance, Admin) - 10 Tables
-- ============================================================


-- ============================================================
-- CREATE TABLE STATEMENTS
-- ============================================================

-- Drop tables if exist (in reverse dependency order)
DROP TABLE IF EXISTS invoices CASCADE;
DROP TABLE IF EXISTS payroll_items CASCADE;
DROP TABLE IF EXISTS payroll_runs CASCADE;
DROP TABLE IF EXISTS sales_order_items CASCADE;
DROP TABLE IF EXISTS sales_orders CASCADE;
DROP TABLE IF EXISTS products CASCADE;
DROP TABLE IF EXISTS customers CASCADE;
DROP TABLE IF EXISTS employees CASCADE;
DROP TABLE IF EXISTS roles CASCADE;
DROP TABLE IF EXISTS departments CASCADE;

-- 1) DEPARTMENTS
CREATE TABLE departments (
    department_id SERIAL PRIMARY KEY,
    name VARCHAR(100) UNIQUE NOT NULL,
    cost_center_code VARCHAR(50),
    location VARCHAR(100),
    created_at TIMESTAMP DEFAULT CURRENT_TIMESTAMP
);

-- 2) ROLES
CREATE TABLE roles (
    role_id SERIAL PRIMARY KEY,
    role_name VARCHAR(100) UNIQUE NOT NULL,
    description TEXT,
    is_admin_role BOOLEAN DEFAULT FALSE
);

-- 3) EMPLOYEES
CREATE TABLE employees (
    employee_id SERIAL PRIMARY KEY,
    employee_code VARCHAR(20) UNIQUE NOT NULL,
    first_name VARCHAR(50) NOT NULL,
    last_name VARCHAR(50) NOT NULL,
    email VARCHAR(100) UNIQUE NOT NULL,
    phone VARCHAR(30),
    department_id INTEGER REFERENCES departments(department_id),
    role_id INTEGER REFERENCES roles(role_id),
    manager_id INTEGER REFERENCES employees(employee_id),
    hire_date DATE,
    employment_status VARCHAR(20) DEFAULT 'Active',
    basic_salary DECIMAL(12, 2),
    created_at TIMESTAMP DEFAULT CURRENT_TIMESTAMP
);

-- 4) PAYROLL_RUNS
CREATE TABLE payroll_runs (
    payroll_run_id SERIAL PRIMARY KEY,
    period_start DATE NOT NULL,
    period_end DATE NOT NULL,
    processed_on TIMESTAMP,
    status VARCHAR(20) DEFAULT 'Draft',
    processed_by INTEGER REFERENCES employees(employee_id)
);

-- 5) PAYROLL_ITEMS
CREATE TABLE payroll_items (
    payroll_item_id SERIAL PRIMARY KEY,
    payroll_run_id INTEGER REFERENCES payroll_runs(payroll_run_id),
    employee_id INTEGER REFERENCES employees(employee_id),
    base_pay DECIMAL(12, 2),
    allowance DECIMAL(12, 2),
    overtime_pay DECIMAL(12, 2),
    tax_deducted DECIMAL(12, 2),
    other_deductions DECIMAL(12, 2),
    net_pay DECIMAL(12, 2),
    UNIQUE(payroll_run_id, employee_id)
);

-- 6) CUSTOMERS
CREATE TABLE customers (
    customer_id SERIAL PRIMARY KEY,
    customer_code VARCHAR(20) UNIQUE NOT NULL,
    name VARCHAR(200) NOT NULL,
    email VARCHAR(100),
    phone VARCHAR(30),
    billing_address TEXT,
    shipping_address TEXT,
    tax_id VARCHAR(50),
    status VARCHAR(20) DEFAULT 'Active',
    created_at TIMESTAMP DEFAULT CURRENT_TIMESTAMP
);

-- 7) PRODUCTS
CREATE TABLE products (
    product_id SERIAL PRIMARY KEY,
    sku VARCHAR(50) UNIQUE NOT NULL,
    name VARCHAR(200) NOT NULL,
    category VARCHAR(100),
    unit_price DECIMAL(12, 2),
    tax_rate DECIMAL(5, 4),
    is_active BOOLEAN DEFAULT TRUE,
    created_at TIMESTAMP DEFAULT CURRENT_TIMESTAMP
);

-- 8) SALES_ORDERS
CREATE TABLE sales_orders (
    sales_order_id SERIAL PRIMARY KEY,
    order_number VARCHAR(50) UNIQUE NOT NULL,
    customer_id INTEGER REFERENCES customers(customer_id),
    order_date DATE,
    status VARCHAR(20) DEFAULT 'Draft',
    created_by INTEGER REFERENCES employees(employee_id),
    approved_by INTEGER REFERENCES employees(employee_id),
    notes TEXT
);

-- 9) SALES_ORDER_ITEMS
CREATE TABLE sales_order_items (
    sales_order_item_id SERIAL PRIMARY KEY,
    sales_order_id INTEGER REFERENCES sales_orders(sales_order_id),
    product_id INTEGER REFERENCES products(product_id),
    quantity INTEGER NOT NULL,
    unit_price_at_sale DECIMAL(12, 2),
    discount_amount DECIMAL(12, 2) DEFAULT 0,
    line_total DECIMAL(12, 2)
);

-- 10) INVOICES
CREATE TABLE invoices (
    invoice_id SERIAL PRIMARY KEY,
    invoice_number VARCHAR(50) UNIQUE NOT NULL,
    sales_order_id INTEGER REFERENCES sales_orders(sales_order_id),
    customer_id INTEGER REFERENCES customers(customer_id),
    issued_date DATE,
    due_date DATE,
    status VARCHAR(20) DEFAULT 'Unpaid',
    subtotal DECIMAL(12, 2),
    tax_total DECIMAL(12, 2),
    total_amount DECIMAL(12, 2),
    created_by INTEGER REFERENCES employees(employee_id)
);

-- Indexes for performance
CREATE INDEX idx_employees_department ON employees(department_id);
CREATE INDEX idx_employees_manager ON employees(manager_id);
CREATE INDEX idx_sales_orders_customer ON sales_orders(customer_id);
CREATE INDEX idx_sales_order_items_order ON sales_order_items(sales_order_id);
CREATE INDEX idx_invoices_customer ON invoices(customer_id);
CREATE INDEX idx_payroll_items_employee ON payroll_items(employee_id);



-- ========== DEPARTMENTS ==========
-- 5 rows
INSERT INTO departments (department_id, name, cost_center_code, location, created_at) VALUES (1, 'Sales', 'CC-SAL-001', 'Los Angeles', '2023-01-26 00:00:00');
INSERT INTO departments (department_id, name, cost_center_code, location, created_at) VALUES (2, 'Human Resources', 'CC-HUM-002', 'Phoenix', '2023-09-08 00:00:00');
INSERT INTO departments (department_id, name, cost_center_code, location, created_at) VALUES (3, 'Accounts', 'CC-ACC-003', 'Houston', '2023-05-23 00:00:00');
INSERT INTO departments (department_id, name, cost_center_code, location, created_at) VALUES (4, 'Administration', 'CC-ADM-004', 'Los Angeles', '2024-11-23 00:00:00');
INSERT INTO departments (department_id, name, cost_center_code, location, created_at) VALUES (5, 'Information Technology', 'CC-INF-005', 'Denver', '2023-03-31 00:00:00');

-- ========== ROLES ==========
-- 8 rows
INSERT INTO roles (role_id, role_name, description, is_admin_role) VALUES (1, 'CEO', 'Chief Executive Officer', TRUE);
INSERT INTO roles (role_id, role_name, description, is_admin_role) VALUES (2, 'CFO', 'Chief Financial Officer', TRUE);
INSERT INTO roles (role_id, role_name, description, is_admin_role) VALUES (3, 'HR Manager', 'Manages human resources operations', TRUE);
INSERT INTO roles (role_id, role_name, description, is_admin_role) VALUES (4, 'Sales Manager', 'Leads the sales team', TRUE);
INSERT INTO roles (role_id, role_name, description, is_admin_role) VALUES (5, 'IT Manager', 'Oversees IT infrastructure', TRUE);
INSERT INTO roles (role_id, role_name, description, is_admin_role) VALUES (6, 'Senior Accountant', 'Handles complex financial matters', FALSE);
INSERT INTO roles (role_id, role_name, description, is_admin_role) VALUES (7, 'Sales Representative', 'Handles customer sales', FALSE);
INSERT INTO roles (role_id, role_name, description, is_admin_role) VALUES (8, 'HR Specialist', 'Supports HR processes', FALSE);

-- ========== EMPLOYEES ==========
-- 25 rows
INSERT INTO employees (employee_id, employee_code, first_name, last_name, email, phone, department_id, role_id, manager_id, hire_date, employment_status, basic_salary, created_at) VALUES (1, 'EMP0001', 'Samuel', 'Anderson', 'samuel.anderson@company.com', '+1-555-338-9279', 1, 1, NULL, '2024-09-08 00:00:00', 'Active', 86558.67, '2024-07-28 00:00:00');
INSERT INTO employees (employee_id, employee_code, first_name, last_name, email, phone, department_id, role_id, manager_id, hire_date, employment_status, basic_salary, created_at) VALUES (2, 'EMP0002', 'Grace', 'White', 'grace.white@company.com', '+1-555-703-5557', 5, 7, NULL, '2023-01-07 00:00:00', 'Active', 41613.22, '2024-12-15 00:00:00');
INSERT INTO employees (employee_id, employee_code, first_name, last_name, email, phone, department_id, role_id, manager_id, hire_date, employment_status, basic_salary, created_at) VALUES (3, 'EMP0003', 'Noah', 'Hernandez', 'noah.hernandez@company.com', '+1-555-881-6514', 3, 3, NULL, '2023-04-15 00:00:00', 'Active', 95071.96, '2024-01-25 00:00:00');
INSERT INTO employees (employee_id, employee_code, first_name, last_name, email, phone, department_id, role_id, manager_id, hire_date, employment_status, basic_salary, created_at) VALUES (4, 'EMP0004', 'David', 'Lopez', 'david.lopez@company.com', '+1-555-649-3045', 3, 5, 1, '2024-01-23 00:00:00', 'Active', 131081.23, '2024-07-19 00:00:00');
INSERT INTO employees (employee_id, employee_code, first_name, last_name, email, phone, department_id, role_id, manager_id, hire_date, employment_status, basic_salary, created_at) VALUES (5, 'EMP0005', 'James', 'Perez', 'james.perez@company.com', '+1-555-146-4733', 5, 6, 2, '2023-10-24 00:00:00', 'Active', 81137.16, '2023-08-27 00:00:00');
INSERT INTO employees (employee_id, employee_code, first_name, last_name, email, phone, department_id, role_id, manager_id, hire_date, employment_status, basic_salary, created_at) VALUES (6, 'EMP0006', 'David', 'Wilson', 'david.wilson@company.com', '+1-555-463-4432', 3, 8, 3, '2024-11-17 00:00:00', 'Active', 39879.62, '2024-12-19 00:00:00');
INSERT INTO employees (employee_id, employee_code, first_name, last_name, email, phone, department_id, role_id, manager_id, hire_date, employment_status, basic_salary, created_at) VALUES (7, 'EMP0007', 'Victor', 'Perez', 'victor.perez@company.com', '+1-555-267-8573', 1, 3, 5, '2024-01-24 00:00:00', 'Active', 131038.88, '2024-10-17 00:00:00');
INSERT INTO employees (employee_id, employee_code, first_name, last_name, email, phone, department_id, role_id, manager_id, hire_date, employment_status, basic_salary, created_at) VALUES (8, 'EMP0008', 'Wendy', 'Jackson', 'wendy.jackson@company.com', '+1-555-157-4752', 2, 6, 7, '2023-02-02 00:00:00', 'Active', 83049.41, '2024-02-15 00:00:00');
INSERT INTO employees (employee_id, employee_code, first_name, last_name, email, phone, department_id, role_id, manager_id, hire_date, employment_status, basic_salary, created_at) VALUES (9, 'EMP0009', 'Isabella', 'Williams', 'isabella.williams@company.com', '+1-555-505-8517', 2, 6, 4, '2023-05-27 00:00:00', 'Active', 79663.16, '2023-05-23 00:00:00');
INSERT INTO employees (employee_id, employee_code, first_name, last_name, email, phone, department_id, role_id, manager_id, hire_date, employment_status, basic_salary, created_at) VALUES (10, 'EMP0010', 'Henry', 'Harris', 'henry.harris@company.com', '+1-555-508-6930', 5, 5, 7, '2023-08-13 00:00:00', 'Active', 142847.6, '2024-06-05 00:00:00');
INSERT INTO employees (employee_id, employee_code, first_name, last_name, email, phone, department_id, role_id, manager_id, hire_date, employment_status, basic_salary, created_at) VALUES (11, 'EMP0011', 'Patrick', 'Williams', 'patrick.williams@company.com', '+1-555-911-7916', 1, 2, 3, '2024-09-02 00:00:00', 'Active', 123921.22, '2024-01-30 00:00:00');
INSERT INTO employees (employee_id, employee_code, first_name, last_name, email, phone, department_id, role_id, manager_id, hire_date, employment_status, basic_salary, created_at) VALUES (12, 'EMP0012', 'Maria', 'Lee', 'maria.lee@company.com', '+1-555-111-2876', 4, 5, 9, '2024-11-29 00:00:00', 'OnLeave', 140254.58, '2023-10-01 00:00:00');
INSERT INTO employees (employee_id, employee_code, first_name, last_name, email, phone, department_id, role_id, manager_id, hire_date, employment_status, basic_salary, created_at) VALUES (13, 'EMP0013', 'Yolanda', 'Perez', 'yolanda.perez@company.com', '+1-555-564-1053', 3, 2, 5, '2023-09-27 00:00:00', 'OnLeave', 110433.57, '2023-07-02 00:00:00');
INSERT INTO employees (employee_id, employee_code, first_name, last_name, email, phone, department_id, role_id, manager_id, hire_date, employment_status, basic_salary, created_at) VALUES (14, 'EMP0014', 'Quinn', 'Brown', 'quinn.brown@company.com', '+1-555-265-9837', 3, 4, 3, '2024-06-27 00:00:00', 'Active', 106173.97, '2024-09-05 00:00:00');
INSERT INTO employees (employee_id, employee_code, first_name, last_name, email, phone, department_id, role_id, manager_id, hire_date, employment_status, basic_salary, created_at) VALUES (15, 'EMP0015', 'Katherine', 'Taylor', 'katherine.taylor@company.com', '+1-555-951-6038', 1, 2, 6, '2023-09-03 00:00:00', 'Active', 141510.53, '2023-09-04 00:00:00');
INSERT INTO employees (employee_id, employee_code, first_name, last_name, email, phone, department_id, role_id, manager_id, hire_date, employment_status, basic_salary, created_at) VALUES (16, 'EMP0016', 'Samuel', 'Williams', 'samuel.williams@company.com', '+1-555-878-9727', 1, 8, 14, '2023-05-09 00:00:00', 'Active', 37076.38, '2024-11-06 00:00:00');
INSERT INTO employees (employee_id, employee_code, first_name, last_name, email, phone, department_id, role_id, manager_id, hire_date, employment_status, basic_salary, created_at) VALUES (17, 'EMP0017', 'Patrick', 'Jackson', 'patrick.jackson@company.com', '+1-555-652-4295', 2, 5, 14, '2024-12-31 00:00:00', 'Active', 147505.4, '2024-02-13 00:00:00');
INSERT INTO employees (employee_id, employee_code, first_name, last_name, email, phone, department_id, role_id, manager_id, hire_date, employment_status, basic_salary, created_at) VALUES (18, 'EMP0018', 'Victor', 'Perez', 'victor.perez1@company.com', '+1-555-353-4681', 3, 8, 17, '2023-03-07 00:00:00', 'Active', 48544.58, '2023-01-22 00:00:00');
INSERT INTO employees (employee_id, employee_code, first_name, last_name, email, phone, department_id, role_id, manager_id, hire_date, employment_status, basic_salary, created_at) VALUES (19, 'EMP0019', 'Samuel', 'Jackson', 'samuel.jackson@company.com', '+1-555-746-1964', 2, 4, 1, '2023-08-23 00:00:00', 'Active', 84969.52, '2023-02-02 00:00:00');
INSERT INTO employees (employee_id, employee_code, first_name, last_name, email, phone, department_id, role_id, manager_id, hire_date, employment_status, basic_salary, created_at) VALUES (20, 'EMP0020', 'Katherine', 'Williams', 'katherine.williams@company.com', '+1-555-319-9834', 5, 4, 9, '2023-05-16 00:00:00', 'Terminated', 126828.44, '2024-08-07 00:00:00');
INSERT INTO employees (employee_id, employee_code, first_name, last_name, email, phone, department_id, role_id, manager_id, hire_date, employment_status, basic_salary, created_at) VALUES (21, 'EMP0021', 'Samuel', 'Taylor', 'samuel.taylor@company.com', '+1-555-199-8062', 2, 8, 14, '2023-12-29 00:00:00', 'Active', 40712.3, '2024-02-25 00:00:00');
INSERT INTO employees (employee_id, employee_code, first_name, last_name, email, phone, department_id, role_id, manager_id, hire_date, employment_status, basic_salary, created_at) VALUES (22, 'EMP0022', 'Olivia', 'Harris', 'olivia.harris@company.com', '+1-555-447-2790', 1, 2, 2, '2023-09-12 00:00:00', 'Active', 108183.49, '2023-07-14 00:00:00');
INSERT INTO employees (employee_id, employee_code, first_name, last_name, email, phone, department_id, role_id, manager_id, hire_date, employment_status, basic_salary, created_at) VALUES (23, 'EMP0023', 'Rachel', 'Thomas', 'rachel.thomas@company.com', '+1-555-355-2235', 2, 7, 6, '2024-03-29 00:00:00', 'OnLeave', 43356.35, '2023-04-11 00:00:00');
INSERT INTO employees (employee_id, employee_code, first_name, last_name, email, phone, department_id, role_id, manager_id, hire_date, employment_status, basic_salary, created_at) VALUES (24, 'EMP0024', 'Bob', 'Perez', 'bob.perez@company.com', '+1-555-969-4872', 5, 1, 3, '2023-06-20 00:00:00', 'Active', 144845.69, '2024-05-12 00:00:00');
INSERT INTO employees (employee_id, employee_code, first_name, last_name, email, phone, department_id, role_id, manager_id, hire_date, employment_status, basic_salary, created_at) VALUES (25, 'EMP0025', 'Patrick', 'Miller', 'patrick.miller@company.com', '+1-555-499-5345', 4, 1, 6, '2024-04-10 00:00:00', 'Active', 106528.12, '2024-03-09 00:00:00');

-- ========== CUSTOMERS ==========
-- 30 rows
INSERT INTO customers (customer_id, customer_code, name, email, phone, billing_address, shipping_address, tax_id, status, created_at) VALUES (1, 'CUST0001', 'Horizon Systems', 'contact@horizonsystems.com', '+1-555-159-9883', '8073 Elm Road, Houston, 85001', '8073 Elm Road, Houston, 85001', 'TAX-165452690', 'Active', '2023-02-28 00:00:00');
INSERT INTO customers (customer_id, customer_code, name, email, phone, billing_address, shipping_address, tax_id, status, created_at) VALUES (2, 'CUST0002', 'Acme Services', 'contact@acmeservices.com', '+1-555-620-2312', '7911 Cherry Circle, Denver, 60601', '7911 Cherry Circle, Denver, 60601', 'TAX-299528037', 'Active', '2024-09-01 00:00:00');
INSERT INTO customers (customer_id, customer_code, name, email, phone, billing_address, shipping_address, tax_id, status, created_at) VALUES (3, 'CUST0003', 'Global Partners', 'contact@globalpartners.com', '+1-555-708-1651', '3953 Birch Way, Los Angeles, 30301', '3953 Birch Way, Los Angeles, 30301', 'TAX-765055833', 'Active', '2024-03-05 00:00:00');
INSERT INTO customers (customer_id, customer_code, name, email, phone, billing_address, shipping_address, tax_id, status, created_at) VALUES (4, 'CUST0004', 'Summit Services', 'contact@summitservices.com', '+1-555-833-6147', '9360 Cherry Circle, San Francisco, 85001', '9360 Cherry Circle, San Francisco, 85001', 'TAX-356287095', 'Active', '2024-02-10 00:00:00');
INSERT INTO customers (customer_id, customer_code, name, email, phone, billing_address, shipping_address, tax_id, status, created_at) VALUES (5, 'CUST0005', 'Pacific Partners', 'contact@pacificpartners.com', '+1-555-736-2638', '5015 Walnut Court, San Francisco, 85281', '252 Walnut Court, San Francisco, 85281', 'TAX-178663096', 'Active', '2024-06-02 00:00:00');
INSERT INTO customers (customer_id, customer_code, name, email, phone, billing_address, shipping_address, tax_id, status, created_at) VALUES (6, 'CUST0006', 'Northern LLC', 'contact@northernllc.com', '+1-555-261-8179', '5818 River Road, Los Angeles, 77001', '5818 River Road, Los Angeles, 77001', 'TAX-995226828', 'Active', '2024-09-18 00:00:00');
INSERT INTO customers (customer_id, customer_code, name, email, phone, billing_address, shipping_address, tax_id, status, created_at) VALUES (7, 'CUST0007', 'Nexus Partners', 'contact@nexuspartners.com', '+1-555-237-5333', '8766 Main Street, Denver, 85001', '1797 River Road, Denver, 85001', 'TAX-223940587', 'Active', '2024-07-20 00:00:00');
INSERT INTO customers (customer_id, customer_code, name, email, phone, billing_address, shipping_address, tax_id, status, created_at) VALUES (8, 'CUST0008', 'Pacific Enterprises', 'contact@pacificenterprises.com', '+1-555-803-5325', '4716 Ash Place, Houston, 75201', '4716 Ash Place, Houston, 75201', 'TAX-642678844', 'Inactive', '2023-09-15 00:00:00');
INSERT INTO customers (customer_id, customer_code, name, email, phone, billing_address, shipping_address, tax_id, status, created_at) VALUES (9, 'CUST0009', 'Acme Inc', 'contact@acmeinc.com', '+1-555-889-3143', '7039 Lake Street, Phoenix, 10001', '7039 Lake Street, Phoenix, 10001', 'TAX-784095277', 'Active', '2023-06-15 00:00:00');
INSERT INTO customers (customer_id, customer_code, name, email, phone, billing_address, shipping_address, tax_id, status, created_at) VALUES (10, 'CUST0010', 'Horizon Technologies', 'contact@horizontechnologies.com', '+1-555-177-3442', '9138 Spruce Terrace, Seattle, 80202', '9138 Spruce Terrace, Seattle, 80202', 'TAX-685823118', 'Active', '2024-01-14 00:00:00');
INSERT INTO customers (customer_id, customer_code, name, email, phone, billing_address, shipping_address, tax_id, status, created_at) VALUES (11, 'CUST0011', 'Apex Systems', 'contact@apexsystems.com', '+1-555-915-1653', '2526 Birch Way, Chicago, 10001', '2526 Birch Way, Chicago, 10001', 'TAX-484194737', 'Active', '2024-11-29 00:00:00');
INSERT INTO customers (customer_id, customer_code, name, email, phone, billing_address, shipping_address, tax_id, status, created_at) VALUES (12, 'CUST0012', 'Atlantic Partners', 'contact@atlanticpartners.com', '+1-555-735-3532', '1784 Cedar Lane, Denver, 92101', '1784 Cedar Lane, Denver, 92101', 'TAX-354194771', 'Active', '2023-07-01 00:00:00');
INSERT INTO customers (customer_id, customer_code, name, email, phone, billing_address, shipping_address, tax_id, status, created_at) VALUES (13, 'CUST0013', 'Premier Corporation', 'contact@premiercorporation.com', '+1-555-263-2771', '3038 Spruce Terrace, San Francisco, 85281', '4165 Maple Drive, San Francisco, 85281', 'TAX-510751046', 'Active', '2024-04-26 00:00:00');
INSERT INTO customers (customer_id, customer_code, name, email, phone, billing_address, shipping_address, tax_id, status, created_at) VALUES (14, 'CUST0014', 'Atlantic Industries', 'contact@atlanticindustries.com', '+1-555-124-4164', '7641 Cedar Lane, Phoenix, 92101', '3828 Pine Boulevard, Phoenix, 92101', 'TAX-527849588', 'Active', '2023-10-13 00:00:00');
INSERT INTO customers (customer_id, customer_code, name, email, phone, billing_address, shipping_address, tax_id, status, created_at) VALUES (15, 'CUST0015', 'Global Enterprises', 'contact@globalenterprises.com', '+1-555-963-9785', '5853 Willow Path, Denver, 98101', '5853 Willow Path, Denver, 98101', 'TAX-455569462', 'Active', '2023-04-29 00:00:00');
INSERT INTO customers (customer_id, customer_code, name, email, phone, billing_address, shipping_address, tax_id, status, created_at) VALUES (16, 'CUST0016', 'Northern LLC', 'contact@northernllc.com', '+1-555-453-6139', '9612 Maple Drive, New York, 90210', '9612 Maple Drive, New York, 90210', 'TAX-568574364', 'Active', '2024-01-30 00:00:00');
INSERT INTO customers (customer_id, customer_code, name, email, phone, billing_address, shipping_address, tax_id, status, created_at) VALUES (17, 'CUST0017', 'Apex Industries', 'contact@apexindustries.com', '+1-555-925-9821', '4273 Main Street, Seattle, 10001', '4273 Main Street, Seattle, 10001', 'TAX-837507241', 'Active', '2024-01-08 00:00:00');
INSERT INTO customers (customer_id, customer_code, name, email, phone, billing_address, shipping_address, tax_id, status, created_at) VALUES (18, 'CUST0018', 'Premier Inc', 'contact@premierinc.com', '+1-555-416-7691', '5509 Ash Place, San Francisco, 33101', '5020 Cherry Circle, San Francisco, 33101', 'TAX-450236225', 'Inactive', '2024-12-14 00:00:00');
INSERT INTO customers (customer_id, customer_code, name, email, phone, billing_address, shipping_address, tax_id, status, created_at) VALUES (19, 'CUST0019', 'Northern Systems', 'contact@northernsystems.com', '+1-555-682-5930', '2185 Pine Boulevard, Seattle, 33101', '2951 Ash Place, Seattle, 33101', 'TAX-536019893', 'Active', '2023-11-08 00:00:00');
INSERT INTO customers (customer_id, customer_code, name, email, phone, billing_address, shipping_address, tax_id, status, created_at) VALUES (20, 'CUST0020', 'Northern Industries', 'contact@northernindustries.com', '+1-555-576-8238', '7143 Park Avenue, Atlanta, 30301', '7143 Park Avenue, Atlanta, 30301', 'TAX-574765466', 'Active', '2024-06-07 00:00:00');
INSERT INTO customers (customer_id, customer_code, name, email, phone, billing_address, shipping_address, tax_id, status, created_at) VALUES (21, 'CUST0021', 'Elite LLC', 'contact@elitellc.com', '+1-555-443-2530', '1489 Maple Drive, Denver, 33101', '1489 Maple Drive, Denver, 33101', 'TAX-978775497', 'Active', '2024-11-19 00:00:00');
INSERT INTO customers (customer_id, customer_code, name, email, phone, billing_address, shipping_address, tax_id, status, created_at) VALUES (22, 'CUST0022', 'Northern Industries', 'contact@northernindustries.com', '+1-555-586-2193', '3362 Elm Road, New York, 10001', '3362 Elm Road, New York, 10001', 'TAX-588999385', 'Inactive', '2024-10-06 00:00:00');
INSERT INTO customers (customer_id, customer_code, name, email, phone, billing_address, shipping_address, tax_id, status, created_at) VALUES (23, 'CUST0023', 'Apex Industries', 'contact@apexindustries.com', '+1-555-804-1090', '6391 Walnut Court, Seattle, 77001', '6391 Walnut Court, Seattle, 77001', 'TAX-906341966', 'Active', '2024-03-11 00:00:00');
INSERT INTO customers (customer_id, customer_code, name, email, phone, billing_address, shipping_address, tax_id, status, created_at) VALUES (24, 'CUST0024', 'Atlantic LLC', 'contact@atlanticllc.com', '+1-555-968-2988', '8586 Walnut Court, New York, 80202', '8586 Walnut Court, New York, 80202', 'TAX-590122159', 'Active', '2024-04-20 00:00:00');
INSERT INTO customers (customer_id, customer_code, name, email, phone, billing_address, shipping_address, tax_id, status, created_at) VALUES (25, 'CUST0025', 'Summit Systems', 'contact@summitsystems.com', '+1-555-950-9976', '9257 Ash Place, San Francisco, 85281', '8370 Birch Way, San Francisco, 85281', 'TAX-578796089', 'Active', '2024-05-01 00:00:00');
INSERT INTO customers (customer_id, customer_code, name, email, phone, billing_address, shipping_address, tax_id, status, created_at) VALUES (26, 'CUST0026', 'Elite Enterprises', 'contact@eliteenterprises.com', '+1-555-344-5499', '4150 Lake Street, Phoenix, 85281', '8039 Willow Path, Phoenix, 85281', 'TAX-572309605', 'Active', '2024-12-31 00:00:00');
INSERT INTO customers (customer_id, customer_code, name, email, phone, billing_address, shipping_address, tax_id, status, created_at) VALUES (27, 'CUST0027', 'Northern Industries', 'contact@northernindustries.com', '+1-555-254-4788', '4551 Cedar Lane, San Francisco, 80202', '4551 Cedar Lane, San Francisco, 80202', 'TAX-511281012', 'Active', '2024-12-24 00:00:00');
INSERT INTO customers (customer_id, customer_code, name, email, phone, billing_address, shipping_address, tax_id, status, created_at) VALUES (28, 'CUST0028', 'Atlantic Inc', 'contact@atlanticinc.com', '+1-555-163-4388', '6897 Birch Way, San Francisco, 80202', '6897 Birch Way, San Francisco, 80202', 'TAX-994310083', 'Inactive', '2024-02-03 00:00:00');
INSERT INTO customers (customer_id, customer_code, name, email, phone, billing_address, shipping_address, tax_id, status, created_at) VALUES (29, 'CUST0029', 'Nexus Services', 'contact@nexusservices.com', '+1-555-460-5892', '420 Lake Street, Atlanta, 98101', '420 Lake Street, Atlanta, 98101', 'TAX-909037759', 'Inactive', '2024-03-05 00:00:00');
INSERT INTO customers (customer_id, customer_code, name, email, phone, billing_address, shipping_address, tax_id, status, created_at) VALUES (30, 'CUST0030', 'Prime Systems', 'contact@primesystems.com', '+1-555-546-8956', '9983 River Road, Houston, 02101', '9983 River Road, Houston, 02101', 'TAX-131165166', 'Inactive', '2023-12-11 00:00:00');

-- ========== PRODUCTS ==========
-- 20 rows
INSERT INTO products (product_id, sku, name, category, unit_price, tax_rate, is_active, created_at) VALUES (1, 'SKU-ELE-0001', 'Laptop Pro 15', 'Electronics', 1299.99, 0.08, TRUE, '2024-02-19 00:00:00');
INSERT INTO products (product_id, sku, name, category, unit_price, tax_rate, is_active, created_at) VALUES (2, 'SKU-ELE-0002', 'Desktop Workstation', 'Electronics', 1899.99, 0.08, TRUE, '2024-04-23 00:00:00');
INSERT INTO products (product_id, sku, name, category, unit_price, tax_rate, is_active, created_at) VALUES (3, 'SKU-ELE-0003', '27-inch Monitor', 'Electronics', 449.99, 0.08, TRUE, '2024-09-29 00:00:00');
INSERT INTO products (product_id, sku, name, category, unit_price, tax_rate, is_active, created_at) VALUES (4, 'SKU-ACC-0004', 'Wireless Mouse', 'Accessories', 29.99, 0.08, TRUE, '2024-02-08 00:00:00');
INSERT INTO products (product_id, sku, name, category, unit_price, tax_rate, is_active, created_at) VALUES (5, 'SKU-ACC-0005', 'Mechanical Keyboard', 'Accessories', 89.99, 0.08, TRUE, '2024-11-09 00:00:00');
INSERT INTO products (product_id, sku, name, category, unit_price, tax_rate, is_active, created_at) VALUES (6, 'SKU-ACC-0006', 'USB-C Hub', 'Accessories', 49.99, 0.08, FALSE, '2024-10-20 00:00:00');
INSERT INTO products (product_id, sku, name, category, unit_price, tax_rate, is_active, created_at) VALUES (7, 'SKU-FUR-0007', 'Office Chair Ergonomic', 'Furniture', 399.99, 0.07, TRUE, '2024-04-17 00:00:00');
INSERT INTO products (product_id, sku, name, category, unit_price, tax_rate, is_active, created_at) VALUES (8, 'SKU-FUR-0008', 'Standing Desk', 'Furniture', 599.99, 0.07, TRUE, '2023-09-24 00:00:00');
INSERT INTO products (product_id, sku, name, category, unit_price, tax_rate, is_active, created_at) VALUES (9, 'SKU-FUR-0009', 'Filing Cabinet', 'Furniture', 149.99, 0.07, TRUE, '2023-08-05 00:00:00');
INSERT INTO products (product_id, sku, name, category, unit_price, tax_rate, is_active, created_at) VALUES (10, 'SKU-ELE-0010', 'Printer Laser', 'Electronics', 299.99, 0.08, TRUE, '2023-12-12 00:00:00');
INSERT INTO products (product_id, sku, name, category, unit_price, tax_rate, is_active, created_at) VALUES (11, 'SKU-OFF-0011', 'Paper Ream (500 sheets)', 'Office Supplies', 8.99, 0.06, TRUE, '2024-01-24 00:00:00');
INSERT INTO products (product_id, sku, name, category, unit_price, tax_rate, is_active, created_at) VALUES (12, 'SKU-OFF-0012', 'Stapler Heavy Duty', 'Office Supplies', 24.99, 0.06, TRUE, '2024-03-07 00:00:00');
INSERT INTO products (product_id, sku, name, category, unit_price, tax_rate, is_active, created_at) VALUES (13, 'SKU-OFF-0013', 'Notebook Pack (12)', 'Office Supplies', 15.99, 0.06, TRUE, '2023-03-25 00:00:00');
INSERT INTO products (product_id, sku, name, category, unit_price, tax_rate, is_active, created_at) VALUES (14, 'SKU-NET-0014', 'Ethernet Switch 24-port', 'Networking', 189.99, 0.08, TRUE, '2024-07-06 00:00:00');
INSERT INTO products (product_id, sku, name, category, unit_price, tax_rate, is_active, created_at) VALUES (15, 'SKU-NET-0015', 'WiFi Router Enterprise', 'Networking', 279.99, 0.08, FALSE, '2023-12-25 00:00:00');
INSERT INTO products (product_id, sku, name, category, unit_price, tax_rate, is_active, created_at) VALUES (16, 'SKU-NET-0016', 'CAT6 Cable Bundle', 'Networking', 34.99, 0.08, TRUE, '2023-03-12 00:00:00');
INSERT INTO products (product_id, sku, name, category, unit_price, tax_rate, is_active, created_at) VALUES (17, 'SKU-SOF-0017', 'Antivirus License (1yr)', 'Software', 49.99, 0.0, TRUE, '2024-10-29 00:00:00');
INSERT INTO products (product_id, sku, name, category, unit_price, tax_rate, is_active, created_at) VALUES (18, 'SKU-SOF-0018', 'Office Suite License', 'Software', 149.99, 0.0, FALSE, '2023-02-01 00:00:00');
INSERT INTO products (product_id, sku, name, category, unit_price, tax_rate, is_active, created_at) VALUES (19, 'SKU-SER-0019', 'Cloud Backup Service', 'Services', 99.99, 0.0, TRUE, '2023-07-24 00:00:00');
INSERT INTO products (product_id, sku, name, category, unit_price, tax_rate, is_active, created_at) VALUES (20, 'SKU-SER-0020', 'IT Support Package', 'Services', 499.99, 0.0, TRUE, '2024-09-28 00:00:00');

-- ========== SALES_ORDERS ==========
-- 50 rows
INSERT INTO sales_orders (sales_order_id, order_number, customer_id, order_date, status, created_by, approved_by, notes) VALUES (1, 'SO-000001', 5, '2024-11-16 00:00:00', 'Confirmed', 14, NULL, 'Repeat customer - priority handling');
INSERT INTO sales_orders (sales_order_id, order_number, customer_id, order_date, status, created_by, approved_by, notes) VALUES (2, 'SO-000002', 15, '2024-09-12 00:00:00', 'Confirmed', 19, 1, 'Customer asked for gift wrapping');
INSERT INTO sales_orders (sales_order_id, order_number, customer_id, order_date, status, created_by, approved_by, notes) VALUES (3, 'SO-000003', 10, '2024-08-12 00:00:00', 'Closed', 2, 2, NULL);
INSERT INTO sales_orders (sales_order_id, order_number, customer_id, order_date, status, created_by, approved_by, notes) VALUES (4, 'SO-000004', 23, '2024-12-08 00:00:00', 'Shipped', 14, NULL, 'Standard shipping');
INSERT INTO sales_orders (sales_order_id, order_number, customer_id, order_date, status, created_by, approved_by, notes) VALUES (5, 'SO-000005', 23, '2023-05-04 00:00:00', 'Draft', 19, 3, NULL);
INSERT INTO sales_orders (sales_order_id, order_number, customer_id, order_date, status, created_by, approved_by, notes) VALUES (6, 'SO-000006', 18, '2024-06-02 00:00:00', 'Closed', 20, 1, 'Rush delivery requested');
INSERT INTO sales_orders (sales_order_id, order_number, customer_id, order_date, status, created_by, approved_by, notes) VALUES (7, 'SO-000007', 28, '2024-03-19 00:00:00', 'Closed', 20, 1, NULL);
INSERT INTO sales_orders (sales_order_id, order_number, customer_id, order_date, status, created_by, approved_by, notes) VALUES (8, 'SO-000008', 23, '2024-06-18 00:00:00', 'Shipped', 14, 3, NULL);
INSERT INTO sales_orders (sales_order_id, order_number, customer_id, order_date, status, created_by, approved_by, notes) VALUES (9, 'SO-000009', 25, '2024-08-29 00:00:00', 'Shipped', 20, 3, NULL);
INSERT INTO sales_orders (sales_order_id, order_number, customer_id, order_date, status, created_by, approved_by, notes) VALUES (10, 'SO-000010', 28, '2023-10-13 00:00:00', 'Cancelled', 14, 1, 'Repeat customer - priority handling');
INSERT INTO sales_orders (sales_order_id, order_number, customer_id, order_date, status, created_by, approved_by, notes) VALUES (11, 'SO-000011', 25, '2024-01-24 00:00:00', 'Closed', 20, 3, 'Rush delivery requested');
INSERT INTO sales_orders (sales_order_id, order_number, customer_id, order_date, status, created_by, approved_by, notes) VALUES (12, 'SO-000012', 16, '2023-08-06 00:00:00', 'Closed', 19, NULL, 'New account - verify payment first');
INSERT INTO sales_orders (sales_order_id, order_number, customer_id, order_date, status, created_by, approved_by, notes) VALUES (13, 'SO-000013', 11, '2023-10-10 00:00:00', 'Draft', 19, 3, NULL);
INSERT INTO sales_orders (sales_order_id, order_number, customer_id, order_date, status, created_by, approved_by, notes) VALUES (14, 'SO-000014', 7, '2024-02-21 00:00:00', 'Cancelled', 2, NULL, NULL);
INSERT INTO sales_orders (sales_order_id, order_number, customer_id, order_date, status, created_by, approved_by, notes) VALUES (15, 'SO-000015', 25, '2024-12-29 00:00:00', 'Cancelled', 14, 3, NULL);
INSERT INTO sales_orders (sales_order_id, order_number, customer_id, order_date, status, created_by, approved_by, notes) VALUES (16, 'SO-000016', 26, '2023-08-15 00:00:00', 'Closed', 2, NULL, 'Repeat customer - priority handling');
INSERT INTO sales_orders (sales_order_id, order_number, customer_id, order_date, status, created_by, approved_by, notes) VALUES (17, 'SO-000017', 10, '2024-06-27 00:00:00', 'Closed', 23, 3, NULL);
INSERT INTO sales_orders (sales_order_id, order_number, customer_id, order_date, status, created_by, approved_by, notes) VALUES (18, 'SO-000018', 24, '2024-04-09 00:00:00', 'Shipped', 23, 3, 'New account - verify payment first');
INSERT INTO sales_orders (sales_order_id, order_number, customer_id, order_date, status, created_by, approved_by, notes) VALUES (19, 'SO-000019', 9, '2023-07-17 00:00:00', 'Closed', 14, NULL, 'Standard shipping');
INSERT INTO sales_orders (sales_order_id, order_number, customer_id, order_date, status, created_by, approved_by, notes) VALUES (20, 'SO-000020', 24, '2023-07-09 00:00:00', 'Shipped', 23, 3, 'Repeat customer - priority handling');
INSERT INTO sales_orders (sales_order_id, order_number, customer_id, order_date, status, created_by, approved_by, notes) VALUES (21, 'SO-000021', 24, '2024-08-26 00:00:00', 'Shipped', 20, NULL, 'Standard shipping');
INSERT INTO sales_orders (sales_order_id, order_number, customer_id, order_date, status, created_by, approved_by, notes) VALUES (22, 'SO-000022', 27, '2024-01-05 00:00:00', 'Confirmed', 14, NULL, 'New account - verify payment first');
INSERT INTO sales_orders (sales_order_id, order_number, customer_id, order_date, status, created_by, approved_by, notes) VALUES (23, 'SO-000023', 1, '2023-02-16 00:00:00', 'Draft', 23, NULL, NULL);
INSERT INTO sales_orders (sales_order_id, order_number, customer_id, order_date, status, created_by, approved_by, notes) VALUES (24, 'SO-000024', 10, '2023-04-16 00:00:00', 'Draft', 14, 2, 'New account - verify payment first');
INSERT INTO sales_orders (sales_order_id, order_number, customer_id, order_date, status, created_by, approved_by, notes) VALUES (25, 'SO-000025', 16, '2023-02-22 00:00:00', 'Shipped', 20, 1, NULL);
INSERT INTO sales_orders (sales_order_id, order_number, customer_id, order_date, status, created_by, approved_by, notes) VALUES (26, 'SO-000026', 4, '2024-08-13 00:00:00', 'Draft', 2, 1, 'Customer asked for gift wrapping');
INSERT INTO sales_orders (sales_order_id, order_number, customer_id, order_date, status, created_by, approved_by, notes) VALUES (27, 'SO-000027', 5, '2023-09-12 00:00:00', 'Confirmed', 23, 1, NULL);
INSERT INTO sales_orders (sales_order_id, order_number, customer_id, order_date, status, created_by, approved_by, notes) VALUES (28, 'SO-000028', 25, '2023-08-20 00:00:00', 'Closed', 20, 3, NULL);
INSERT INTO sales_orders (sales_order_id, order_number, customer_id, order_date, status, created_by, approved_by, notes) VALUES (29, 'SO-000029', 30, '2024-08-25 00:00:00', 'Closed', 20, NULL, 'New account - verify payment first');
INSERT INTO sales_orders (sales_order_id, order_number, customer_id, order_date, status, created_by, approved_by, notes) VALUES (30, 'SO-000030', 19, '2023-04-12 00:00:00', 'Shipped', 23, NULL, 'Repeat customer - priority handling');
INSERT INTO sales_orders (sales_order_id, order_number, customer_id, order_date, status, created_by, approved_by, notes) VALUES (31, 'SO-000031', 9, '2023-06-27 00:00:00', 'Confirmed', 2, NULL, 'Customer asked for gift wrapping');
INSERT INTO sales_orders (sales_order_id, order_number, customer_id, order_date, status, created_by, approved_by, notes) VALUES (32, 'SO-000032', 1, '2024-04-26 00:00:00', 'Shipped', 20, 3, 'Rush delivery requested');
INSERT INTO sales_orders (sales_order_id, order_number, customer_id, order_date, status, created_by, approved_by, notes) VALUES (33, 'SO-000033', 8, '2024-04-09 00:00:00', 'Confirmed', 19, 3, 'Repeat customer - priority handling');
INSERT INTO sales_orders (sales_order_id, order_number, customer_id, order_date, status, created_by, approved_by, notes) VALUES (34, 'SO-000034', 30, '2024-08-26 00:00:00', 'Shipped', 19, 3, NULL);
INSERT INTO sales_orders (sales_order_id, order_number, customer_id, order_date, status, created_by, approved_by, notes) VALUES (35, 'SO-000035', 4, '2023-06-02 00:00:00', 'Shipped', 23, NULL, 'Customer asked for gift wrapping');
INSERT INTO sales_orders (sales_order_id, order_number, customer_id, order_date, status, created_by, approved_by, notes) VALUES (36, 'SO-000036', 3, '2023-11-11 00:00:00', 'Shipped', 2, NULL, NULL);
INSERT INTO sales_orders (sales_order_id, order_number, customer_id, order_date, status, created_by, approved_by, notes) VALUES (37, 'SO-000037', 4, '2024-02-17 00:00:00', 'Shipped', 20, 3, NULL);
INSERT INTO sales_orders (sales_order_id, order_number, customer_id, order_date, status, created_by, approved_by, notes) VALUES (38, 'SO-000038', 18, '2023-02-10 00:00:00', 'Closed', 20, 3, NULL);
INSERT INTO sales_orders (sales_order_id, order_number, customer_id, order_date, status, created_by, approved_by, notes) VALUES (39, 'SO-000039', 20, '2023-08-23 00:00:00', 'Draft', 19, NULL, 'New account - verify payment first');
INSERT INTO sales_orders (sales_order_id, order_number, customer_id, order_date, status, created_by, approved_by, notes) VALUES (40, 'SO-000040', 19, '2024-04-26 00:00:00', 'Cancelled', 2, 1, 'New account - verify payment first');
INSERT INTO sales_orders (sales_order_id, order_number, customer_id, order_date, status, created_by, approved_by, notes) VALUES (41, 'SO-000041', 6, '2023-04-04 00:00:00', 'Cancelled', 23, 2, NULL);
INSERT INTO sales_orders (sales_order_id, order_number, customer_id, order_date, status, created_by, approved_by, notes) VALUES (42, 'SO-000042', 14, '2023-06-14 00:00:00', 'Closed', 19, 1, NULL);
INSERT INTO sales_orders (sales_order_id, order_number, customer_id, order_date, status, created_by, approved_by, notes) VALUES (43, 'SO-000043', 23, '2024-02-15 00:00:00', 'Draft', 20, NULL, NULL);
INSERT INTO sales_orders (sales_order_id, order_number, customer_id, order_date, status, created_by, approved_by, notes) VALUES (44, 'SO-000044', 3, '2023-04-29 00:00:00', 'Closed', 19, NULL, NULL);
INSERT INTO sales_orders (sales_order_id, order_number, customer_id, order_date, status, created_by, approved_by, notes) VALUES (45, 'SO-000045', 27, '2024-04-18 00:00:00', 'Closed', 2, 3, 'Rush delivery requested');
INSERT INTO sales_orders (sales_order_id, order_number, customer_id, order_date, status, created_by, approved_by, notes) VALUES (46, 'SO-000046', 7, '2024-10-02 00:00:00', 'Cancelled', 23, 2, 'Rush delivery requested');
INSERT INTO sales_orders (sales_order_id, order_number, customer_id, order_date, status, created_by, approved_by, notes) VALUES (47, 'SO-000047', 7, '2024-03-24 00:00:00', 'Cancelled', 19, 2, 'Standard shipping');
INSERT INTO sales_orders (sales_order_id, order_number, customer_id, order_date, status, created_by, approved_by, notes) VALUES (48, 'SO-000048', 1, '2023-06-12 00:00:00', 'Shipped', 23, 3, NULL);
INSERT INTO sales_orders (sales_order_id, order_number, customer_id, order_date, status, created_by, approved_by, notes) VALUES (49, 'SO-000049', 1, '2023-04-27 00:00:00', 'Cancelled', 23, 1, 'Standard shipping');
INSERT INTO sales_orders (sales_order_id, order_number, customer_id, order_date, status, created_by, approved_by, notes) VALUES (50, 'SO-000050', 21, '2023-10-26 00:00:00', 'Shipped', 14, 3, NULL);

-- ========== SALES_ORDER_ITEMS ==========
-- 140 rows
INSERT INTO sales_order_items (sales_order_item_id, sales_order_id, product_id, quantity, unit_price_at_sale, discount_amount, line_total) VALUES (1, 1, 16, 13, 34.99, 0, 454.87);
INSERT INTO sales_order_items (sales_order_item_id, sales_order_id, product_id, quantity, unit_price_at_sale, discount_amount, line_total) VALUES (2, 1, 8, 20, 599.99, 0, 11999.8);
INSERT INTO sales_order_items (sales_order_item_id, sales_order_id, product_id, quantity, unit_price_at_sale, discount_amount, line_total) VALUES (3, 1, 15, 5, 279.99, 58.01, 1341.94);
INSERT INTO sales_order_items (sales_order_item_id, sales_order_id, product_id, quantity, unit_price_at_sale, discount_amount, line_total) VALUES (4, 1, 5, 14, 89.99, 0, 1259.86);
INSERT INTO sales_order_items (sales_order_item_id, sales_order_id, product_id, quantity, unit_price_at_sale, discount_amount, line_total) VALUES (5, 2, 9, 5, 149.99, 0, 749.95);
INSERT INTO sales_order_items (sales_order_item_id, sales_order_id, product_id, quantity, unit_price_at_sale, discount_amount, line_total) VALUES (6, 2, 1, 16, 1299.99, 0, 20799.84);
INSERT INTO sales_order_items (sales_order_item_id, sales_order_id, product_id, quantity, unit_price_at_sale, discount_amount, line_total) VALUES (7, 2, 10, 18, 299.99, 305.53, 5094.29);
INSERT INTO sales_order_items (sales_order_item_id, sales_order_id, product_id, quantity, unit_price_at_sale, discount_amount, line_total) VALUES (8, 2, 18, 11, 149.99, 242.73, 1407.16);
INSERT INTO sales_order_items (sales_order_item_id, sales_order_id, product_id, quantity, unit_price_at_sale, discount_amount, line_total) VALUES (9, 2, 16, 8, 34.99, 0, 279.92);
INSERT INTO sales_order_items (sales_order_item_id, sales_order_id, product_id, quantity, unit_price_at_sale, discount_amount, line_total) VALUES (10, 3, 14, 11, 189.99, 221.08, 1868.81);
INSERT INTO sales_order_items (sales_order_item_id, sales_order_id, product_id, quantity, unit_price_at_sale, discount_amount, line_total) VALUES (11, 3, 2, 13, 1899.99, 0, 24699.87);
INSERT INTO sales_order_items (sales_order_item_id, sales_order_id, product_id, quantity, unit_price_at_sale, discount_amount, line_total) VALUES (12, 4, 16, 5, 34.99, 0, 174.95);
INSERT INTO sales_order_items (sales_order_item_id, sales_order_id, product_id, quantity, unit_price_at_sale, discount_amount, line_total) VALUES (13, 4, 2, 19, 1899.99, 0, 36099.81);
INSERT INTO sales_order_items (sales_order_item_id, sales_order_id, product_id, quantity, unit_price_at_sale, discount_amount, line_total) VALUES (14, 5, 15, 4, 279.99, 0, 1119.96);
INSERT INTO sales_order_items (sales_order_item_id, sales_order_id, product_id, quantity, unit_price_at_sale, discount_amount, line_total) VALUES (15, 6, 1, 3, 1299.99, 0, 3899.97);
INSERT INTO sales_order_items (sales_order_item_id, sales_order_id, product_id, quantity, unit_price_at_sale, discount_amount, line_total) VALUES (16, 6, 5, 9, 89.99, 0, 809.91);
INSERT INTO sales_order_items (sales_order_item_id, sales_order_id, product_id, quantity, unit_price_at_sale, discount_amount, line_total) VALUES (17, 6, 14, 13, 189.99, 315.56, 2154.31);
INSERT INTO sales_order_items (sales_order_item_id, sales_order_id, product_id, quantity, unit_price_at_sale, discount_amount, line_total) VALUES (18, 6, 19, 18, 99.99, 0, 1799.82);
INSERT INTO sales_order_items (sales_order_item_id, sales_order_id, product_id, quantity, unit_price_at_sale, discount_amount, line_total) VALUES (19, 7, 16, 20, 34.99, 0, 699.8);
INSERT INTO sales_order_items (sales_order_item_id, sales_order_id, product_id, quantity, unit_price_at_sale, discount_amount, line_total) VALUES (20, 7, 18, 10, 149.99, 168.01, 1331.89);
INSERT INTO sales_order_items (sales_order_item_id, sales_order_id, product_id, quantity, unit_price_at_sale, discount_amount, line_total) VALUES (21, 7, 2, 14, 1899.99, 3033.86, 23566.0);
INSERT INTO sales_order_items (sales_order_item_id, sales_order_id, product_id, quantity, unit_price_at_sale, discount_amount, line_total) VALUES (22, 8, 15, 6, 279.99, 227.65, 1452.29);
INSERT INTO sales_order_items (sales_order_item_id, sales_order_id, product_id, quantity, unit_price_at_sale, discount_amount, line_total) VALUES (23, 9, 11, 2, 8.99, 0, 17.98);
INSERT INTO sales_order_items (sales_order_item_id, sales_order_id, product_id, quantity, unit_price_at_sale, discount_amount, line_total) VALUES (24, 10, 14, 17, 189.99, 0, 3229.83);
INSERT INTO sales_order_items (sales_order_item_id, sales_order_id, product_id, quantity, unit_price_at_sale, discount_amount, line_total) VALUES (25, 10, 5, 6, 89.99, 0, 539.94);
INSERT INTO sales_order_items (sales_order_item_id, sales_order_id, product_id, quantity, unit_price_at_sale, discount_amount, line_total) VALUES (26, 10, 8, 3, 599.99, 103.29, 1696.68);
INSERT INTO sales_order_items (sales_order_item_id, sales_order_id, product_id, quantity, unit_price_at_sale, discount_amount, line_total) VALUES (27, 11, 16, 5, 34.99, 0, 174.95);
INSERT INTO sales_order_items (sales_order_item_id, sales_order_id, product_id, quantity, unit_price_at_sale, discount_amount, line_total) VALUES (28, 11, 19, 9, 99.99, 0, 899.91);
INSERT INTO sales_order_items (sales_order_item_id, sales_order_id, product_id, quantity, unit_price_at_sale, discount_amount, line_total) VALUES (29, 12, 15, 10, 279.99, 66.35, 2733.55);
INSERT INTO sales_order_items (sales_order_item_id, sales_order_id, product_id, quantity, unit_price_at_sale, discount_amount, line_total) VALUES (30, 13, 12, 9, 24.99, 0, 224.91);
INSERT INTO sales_order_items (sales_order_item_id, sales_order_id, product_id, quantity, unit_price_at_sale, discount_amount, line_total) VALUES (31, 13, 19, 10, 99.99, 0, 999.9);
INSERT INTO sales_order_items (sales_order_item_id, sales_order_id, product_id, quantity, unit_price_at_sale, discount_amount, line_total) VALUES (32, 13, 10, 13, 299.99, 62.39, 3837.48);
INSERT INTO sales_order_items (sales_order_item_id, sales_order_id, product_id, quantity, unit_price_at_sale, discount_amount, line_total) VALUES (33, 13, 14, 13, 189.99, 0, 2469.87);
INSERT INTO sales_order_items (sales_order_item_id, sales_order_id, product_id, quantity, unit_price_at_sale, discount_amount, line_total) VALUES (34, 14, 10, 1, 299.99, 0, 299.99);
INSERT INTO sales_order_items (sales_order_item_id, sales_order_id, product_id, quantity, unit_price_at_sale, discount_amount, line_total) VALUES (35, 14, 20, 2, 499.99, 111.77, 888.21);
INSERT INTO sales_order_items (sales_order_item_id, sales_order_id, product_id, quantity, unit_price_at_sale, discount_amount, line_total) VALUES (36, 14, 1, 10, 1299.99, 448.73, 12551.17);
INSERT INTO sales_order_items (sales_order_item_id, sales_order_id, product_id, quantity, unit_price_at_sale, discount_amount, line_total) VALUES (37, 14, 13, 12, 15.99, 0, 191.88);
INSERT INTO sales_order_items (sales_order_item_id, sales_order_id, product_id, quantity, unit_price_at_sale, discount_amount, line_total) VALUES (38, 14, 9, 7, 149.99, 106.74, 943.19);
INSERT INTO sales_order_items (sales_order_item_id, sales_order_id, product_id, quantity, unit_price_at_sale, discount_amount, line_total) VALUES (39, 15, 4, 10, 29.99, 1.5, 298.4);
INSERT INTO sales_order_items (sales_order_item_id, sales_order_id, product_id, quantity, unit_price_at_sale, discount_amount, line_total) VALUES (40, 15, 2, 12, 1899.99, 308.25, 22491.63);
INSERT INTO sales_order_items (sales_order_item_id, sales_order_id, product_id, quantity, unit_price_at_sale, discount_amount, line_total) VALUES (41, 16, 11, 7, 8.99, 0, 62.93);
INSERT INTO sales_order_items (sales_order_item_id, sales_order_id, product_id, quantity, unit_price_at_sale, discount_amount, line_total) VALUES (42, 16, 14, 18, 189.99, 187.68, 3232.14);
INSERT INTO sales_order_items (sales_order_item_id, sales_order_id, product_id, quantity, unit_price_at_sale, discount_amount, line_total) VALUES (43, 16, 6, 17, 49.99, 105.86, 743.97);
INSERT INTO sales_order_items (sales_order_item_id, sales_order_id, product_id, quantity, unit_price_at_sale, discount_amount, line_total) VALUES (44, 17, 16, 4, 34.99, 0, 139.96);
INSERT INTO sales_order_items (sales_order_item_id, sales_order_id, product_id, quantity, unit_price_at_sale, discount_amount, line_total) VALUES (45, 17, 10, 3, 299.99, 0, 899.97);
INSERT INTO sales_order_items (sales_order_item_id, sales_order_id, product_id, quantity, unit_price_at_sale, discount_amount, line_total) VALUES (46, 17, 11, 8, 8.99, 7.81, 64.11);
INSERT INTO sales_order_items (sales_order_item_id, sales_order_id, product_id, quantity, unit_price_at_sale, discount_amount, line_total) VALUES (47, 18, 18, 1, 149.99, 0, 149.99);
INSERT INTO sales_order_items (sales_order_item_id, sales_order_id, product_id, quantity, unit_price_at_sale, discount_amount, line_total) VALUES (48, 18, 12, 4, 24.99, 0, 99.96);
INSERT INTO sales_order_items (sales_order_item_id, sales_order_id, product_id, quantity, unit_price_at_sale, discount_amount, line_total) VALUES (49, 18, 3, 9, 449.99, 0, 4049.91);
INSERT INTO sales_order_items (sales_order_item_id, sales_order_id, product_id, quantity, unit_price_at_sale, discount_amount, line_total) VALUES (50, 18, 13, 12, 15.99, 0, 191.88);
INSERT INTO sales_order_items (sales_order_item_id, sales_order_id, product_id, quantity, unit_price_at_sale, discount_amount, line_total) VALUES (51, 19, 16, 20, 34.99, 58.93, 640.87);
INSERT INTO sales_order_items (sales_order_item_id, sales_order_id, product_id, quantity, unit_price_at_sale, discount_amount, line_total) VALUES (52, 19, 1, 20, 1299.99, 0, 25999.8);
INSERT INTO sales_order_items (sales_order_item_id, sales_order_id, product_id, quantity, unit_price_at_sale, discount_amount, line_total) VALUES (53, 20, 15, 10, 279.99, 49.0, 2750.9);
INSERT INTO sales_order_items (sales_order_item_id, sales_order_id, product_id, quantity, unit_price_at_sale, discount_amount, line_total) VALUES (54, 21, 2, 10, 1899.99, 330.94, 18668.96);
INSERT INTO sales_order_items (sales_order_item_id, sales_order_id, product_id, quantity, unit_price_at_sale, discount_amount, line_total) VALUES (55, 22, 18, 13, 149.99, 0, 1949.87);
INSERT INTO sales_order_items (sales_order_item_id, sales_order_id, product_id, quantity, unit_price_at_sale, discount_amount, line_total) VALUES (56, 22, 5, 18, 89.99, 0, 1619.82);
INSERT INTO sales_order_items (sales_order_item_id, sales_order_id, product_id, quantity, unit_price_at_sale, discount_amount, line_total) VALUES (57, 23, 14, 16, 189.99, 428.19, 2611.65);
INSERT INTO sales_order_items (sales_order_item_id, sales_order_id, product_id, quantity, unit_price_at_sale, discount_amount, line_total) VALUES (58, 23, 4, 9, 29.99, 0, 269.91);
INSERT INTO sales_order_items (sales_order_item_id, sales_order_id, product_id, quantity, unit_price_at_sale, discount_amount, line_total) VALUES (59, 24, 7, 8, 399.99, 47.69, 3152.23);
INSERT INTO sales_order_items (sales_order_item_id, sales_order_id, product_id, quantity, unit_price_at_sale, discount_amount, line_total) VALUES (60, 24, 15, 12, 279.99, 0, 3359.88);
INSERT INTO sales_order_items (sales_order_item_id, sales_order_id, product_id, quantity, unit_price_at_sale, discount_amount, line_total) VALUES (61, 24, 19, 12, 99.99, 0, 1199.88);
INSERT INTO sales_order_items (sales_order_item_id, sales_order_id, product_id, quantity, unit_price_at_sale, discount_amount, line_total) VALUES (62, 25, 7, 3, 399.99, 115.5, 1084.47);
INSERT INTO sales_order_items (sales_order_item_id, sales_order_id, product_id, quantity, unit_price_at_sale, discount_amount, line_total) VALUES (63, 25, 4, 20, 29.99, 4.55, 595.25);
INSERT INTO sales_order_items (sales_order_item_id, sales_order_id, product_id, quantity, unit_price_at_sale, discount_amount, line_total) VALUES (64, 25, 15, 11, 279.99, 0, 3079.89);
INSERT INTO sales_order_items (sales_order_item_id, sales_order_id, product_id, quantity, unit_price_at_sale, discount_amount, line_total) VALUES (65, 26, 19, 3, 99.99, 24.94, 275.03);
INSERT INTO sales_order_items (sales_order_item_id, sales_order_id, product_id, quantity, unit_price_at_sale, discount_amount, line_total) VALUES (66, 26, 7, 19, 399.99, 0, 7599.81);
INSERT INTO sales_order_items (sales_order_item_id, sales_order_id, product_id, quantity, unit_price_at_sale, discount_amount, line_total) VALUES (67, 27, 11, 20, 8.99, 0, 179.8);
INSERT INTO sales_order_items (sales_order_item_id, sales_order_id, product_id, quantity, unit_price_at_sale, discount_amount, line_total) VALUES (68, 27, 5, 5, 89.99, 36.46, 413.49);
INSERT INTO sales_order_items (sales_order_item_id, sales_order_id, product_id, quantity, unit_price_at_sale, discount_amount, line_total) VALUES (69, 28, 4, 5, 29.99, 0, 149.95);
INSERT INTO sales_order_items (sales_order_item_id, sales_order_id, product_id, quantity, unit_price_at_sale, discount_amount, line_total) VALUES (70, 28, 1, 8, 1299.99, 0, 10399.92);
INSERT INTO sales_order_items (sales_order_item_id, sales_order_id, product_id, quantity, unit_price_at_sale, discount_amount, line_total) VALUES (71, 29, 6, 9, 49.99, 0, 449.91);
INSERT INTO sales_order_items (sales_order_item_id, sales_order_id, product_id, quantity, unit_price_at_sale, discount_amount, line_total) VALUES (72, 30, 17, 15, 49.99, 57.73, 692.12);
INSERT INTO sales_order_items (sales_order_item_id, sales_order_id, product_id, quantity, unit_price_at_sale, discount_amount, line_total) VALUES (73, 30, 4, 4, 29.99, 0, 119.96);
INSERT INTO sales_order_items (sales_order_item_id, sales_order_id, product_id, quantity, unit_price_at_sale, discount_amount, line_total) VALUES (74, 30, 3, 8, 449.99, 23.42, 3576.5);
INSERT INTO sales_order_items (sales_order_item_id, sales_order_id, product_id, quantity, unit_price_at_sale, discount_amount, line_total) VALUES (75, 30, 16, 17, 34.99, 0, 594.83);
INSERT INTO sales_order_items (sales_order_item_id, sales_order_id, product_id, quantity, unit_price_at_sale, discount_amount, line_total) VALUES (76, 31, 2, 16, 1899.99, 1943.8, 28456.04);
INSERT INTO sales_order_items (sales_order_item_id, sales_order_id, product_id, quantity, unit_price_at_sale, discount_amount, line_total) VALUES (77, 32, 16, 15, 34.99, 0, 524.85);
INSERT INTO sales_order_items (sales_order_item_id, sales_order_id, product_id, quantity, unit_price_at_sale, discount_amount, line_total) VALUES (78, 33, 11, 20, 8.99, 0, 179.8);
INSERT INTO sales_order_items (sales_order_item_id, sales_order_id, product_id, quantity, unit_price_at_sale, discount_amount, line_total) VALUES (79, 34, 9, 18, 149.99, 154.26, 2545.56);
INSERT INTO sales_order_items (sales_order_item_id, sales_order_id, product_id, quantity, unit_price_at_sale, discount_amount, line_total) VALUES (80, 34, 19, 20, 99.99, 0, 1999.8);
INSERT INTO sales_order_items (sales_order_item_id, sales_order_id, product_id, quantity, unit_price_at_sale, discount_amount, line_total) VALUES (81, 35, 17, 18, 49.99, 29.02, 870.8);
INSERT INTO sales_order_items (sales_order_item_id, sales_order_id, product_id, quantity, unit_price_at_sale, discount_amount, line_total) VALUES (82, 35, 14, 15, 189.99, 176.9, 2672.95);
INSERT INTO sales_order_items (sales_order_item_id, sales_order_id, product_id, quantity, unit_price_at_sale, discount_amount, line_total) VALUES (83, 35, 4, 15, 29.99, 0, 449.85);
INSERT INTO sales_order_items (sales_order_item_id, sales_order_id, product_id, quantity, unit_price_at_sale, discount_amount, line_total) VALUES (84, 35, 18, 4, 149.99, 0, 599.96);
INSERT INTO sales_order_items (sales_order_item_id, sales_order_id, product_id, quantity, unit_price_at_sale, discount_amount, line_total) VALUES (85, 36, 9, 16, 149.99, 0, 2399.84);
INSERT INTO sales_order_items (sales_order_item_id, sales_order_id, product_id, quantity, unit_price_at_sale, discount_amount, line_total) VALUES (86, 36, 12, 3, 24.99, 0, 74.97);
INSERT INTO sales_order_items (sales_order_item_id, sales_order_id, product_id, quantity, unit_price_at_sale, discount_amount, line_total) VALUES (87, 36, 5, 4, 89.99, 20.12, 339.84);
INSERT INTO sales_order_items (sales_order_item_id, sales_order_id, product_id, quantity, unit_price_at_sale, discount_amount, line_total) VALUES (88, 37, 18, 19, 149.99, 240.1, 2609.71);
INSERT INTO sales_order_items (sales_order_item_id, sales_order_id, product_id, quantity, unit_price_at_sale, discount_amount, line_total) VALUES (89, 37, 2, 4, 1899.99, 0, 7599.96);
INSERT INTO sales_order_items (sales_order_item_id, sales_order_id, product_id, quantity, unit_price_at_sale, discount_amount, line_total) VALUES (90, 38, 2, 4, 1899.99, 0, 7599.96);
INSERT INTO sales_order_items (sales_order_item_id, sales_order_id, product_id, quantity, unit_price_at_sale, discount_amount, line_total) VALUES (91, 38, 10, 7, 299.99, 0, 2099.93);
INSERT INTO sales_order_items (sales_order_item_id, sales_order_id, product_id, quantity, unit_price_at_sale, discount_amount, line_total) VALUES (92, 38, 19, 16, 99.99, 0, 1599.84);
INSERT INTO sales_order_items (sales_order_item_id, sales_order_id, product_id, quantity, unit_price_at_sale, discount_amount, line_total) VALUES (93, 38, 12, 4, 24.99, 0, 99.96);
INSERT INTO sales_order_items (sales_order_item_id, sales_order_id, product_id, quantity, unit_price_at_sale, discount_amount, line_total) VALUES (94, 39, 12, 18, 24.99, 55.22, 394.6);
INSERT INTO sales_order_items (sales_order_item_id, sales_order_id, product_id, quantity, unit_price_at_sale, discount_amount, line_total) VALUES (95, 39, 4, 20, 29.99, 50.09, 549.71);
INSERT INTO sales_order_items (sales_order_item_id, sales_order_id, product_id, quantity, unit_price_at_sale, discount_amount, line_total) VALUES (96, 39, 9, 20, 149.99, 373.23, 2626.57);
INSERT INTO sales_order_items (sales_order_item_id, sales_order_id, product_id, quantity, unit_price_at_sale, discount_amount, line_total) VALUES (97, 39, 8, 9, 599.99, 0, 5399.91);
INSERT INTO sales_order_items (sales_order_item_id, sales_order_id, product_id, quantity, unit_price_at_sale, discount_amount, line_total) VALUES (98, 39, 14, 9, 189.99, 79.25, 1630.66);
INSERT INTO sales_order_items (sales_order_item_id, sales_order_id, product_id, quantity, unit_price_at_sale, discount_amount, line_total) VALUES (99, 40, 12, 5, 24.99, 0, 124.95);
INSERT INTO sales_order_items (sales_order_item_id, sales_order_id, product_id, quantity, unit_price_at_sale, discount_amount, line_total) VALUES (100, 40, 1, 13, 1299.99, 0, 16899.87);
INSERT INTO sales_order_items (sales_order_item_id, sales_order_id, product_id, quantity, unit_price_at_sale, discount_amount, line_total) VALUES (101, 40, 6, 1, 49.99, 0, 49.99);
INSERT INTO sales_order_items (sales_order_item_id, sales_order_id, product_id, quantity, unit_price_at_sale, discount_amount, line_total) VALUES (102, 41, 7, 6, 399.99, 0, 2399.94);
INSERT INTO sales_order_items (sales_order_item_id, sales_order_id, product_id, quantity, unit_price_at_sale, discount_amount, line_total) VALUES (103, 41, 13, 11, 15.99, 14.98, 160.91);
INSERT INTO sales_order_items (sales_order_item_id, sales_order_id, product_id, quantity, unit_price_at_sale, discount_amount, line_total) VALUES (104, 41, 14, 3, 189.99, 13.3, 556.67);
INSERT INTO sales_order_items (sales_order_item_id, sales_order_id, product_id, quantity, unit_price_at_sale, discount_amount, line_total) VALUES (105, 41, 15, 20, 279.99, 0, 5599.8);
INSERT INTO sales_order_items (sales_order_item_id, sales_order_id, product_id, quantity, unit_price_at_sale, discount_amount, line_total) VALUES (106, 41, 11, 3, 8.99, 0, 26.97);
INSERT INTO sales_order_items (sales_order_item_id, sales_order_id, product_id, quantity, unit_price_at_sale, discount_amount, line_total) VALUES (107, 42, 16, 7, 34.99, 4.18, 240.75);
INSERT INTO sales_order_items (sales_order_item_id, sales_order_id, product_id, quantity, unit_price_at_sale, discount_amount, line_total) VALUES (108, 42, 15, 14, 279.99, 0, 3919.86);
INSERT INTO sales_order_items (sales_order_item_id, sales_order_id, product_id, quantity, unit_price_at_sale, discount_amount, line_total) VALUES (109, 42, 14, 19, 189.99, 0, 3609.81);
INSERT INTO sales_order_items (sales_order_item_id, sales_order_id, product_id, quantity, unit_price_at_sale, discount_amount, line_total) VALUES (110, 42, 9, 10, 149.99, 0, 1499.9);
INSERT INTO sales_order_items (sales_order_item_id, sales_order_id, product_id, quantity, unit_price_at_sale, discount_amount, line_total) VALUES (111, 43, 20, 10, 499.99, 575.5, 4424.4);
INSERT INTO sales_order_items (sales_order_item_id, sales_order_id, product_id, quantity, unit_price_at_sale, discount_amount, line_total) VALUES (112, 43, 2, 9, 1899.99, 0, 17099.91);
INSERT INTO sales_order_items (sales_order_item_id, sales_order_id, product_id, quantity, unit_price_at_sale, discount_amount, line_total) VALUES (113, 43, 1, 4, 1299.99, 0, 5199.96);
INSERT INTO sales_order_items (sales_order_item_id, sales_order_id, product_id, quantity, unit_price_at_sale, discount_amount, line_total) VALUES (114, 43, 7, 14, 399.99, 0, 5599.86);
INSERT INTO sales_order_items (sales_order_item_id, sales_order_id, product_id, quantity, unit_price_at_sale, discount_amount, line_total) VALUES (115, 44, 18, 3, 149.99, 0, 449.97);
INSERT INTO sales_order_items (sales_order_item_id, sales_order_id, product_id, quantity, unit_price_at_sale, discount_amount, line_total) VALUES (116, 44, 8, 2, 599.99, 0, 1199.98);
INSERT INTO sales_order_items (sales_order_item_id, sales_order_id, product_id, quantity, unit_price_at_sale, discount_amount, line_total) VALUES (117, 44, 17, 15, 49.99, 96.97, 652.88);
INSERT INTO sales_order_items (sales_order_item_id, sales_order_id, product_id, quantity, unit_price_at_sale, discount_amount, line_total) VALUES (118, 44, 12, 19, 24.99, 0, 474.81);
INSERT INTO sales_order_items (sales_order_item_id, sales_order_id, product_id, quantity, unit_price_at_sale, discount_amount, line_total) VALUES (119, 45, 14, 1, 189.99, 4.9, 185.09);
INSERT INTO sales_order_items (sales_order_item_id, sales_order_id, product_id, quantity, unit_price_at_sale, discount_amount, line_total) VALUES (120, 45, 10, 20, 299.99, 0, 5999.8);
INSERT INTO sales_order_items (sales_order_item_id, sales_order_id, product_id, quantity, unit_price_at_sale, discount_amount, line_total) VALUES (121, 45, 4, 12, 29.99, 0, 359.88);
INSERT INTO sales_order_items (sales_order_item_id, sales_order_id, product_id, quantity, unit_price_at_sale, discount_amount, line_total) VALUES (122, 45, 13, 4, 15.99, 0, 63.96);
INSERT INTO sales_order_items (sales_order_item_id, sales_order_id, product_id, quantity, unit_price_at_sale, discount_amount, line_total) VALUES (123, 46, 13, 11, 15.99, 0, 175.89);
INSERT INTO sales_order_items (sales_order_item_id, sales_order_id, product_id, quantity, unit_price_at_sale, discount_amount, line_total) VALUES (124, 46, 17, 6, 49.99, 0, 299.94);
INSERT INTO sales_order_items (sales_order_item_id, sales_order_id, product_id, quantity, unit_price_at_sale, discount_amount, line_total) VALUES (125, 46, 3, 4, 449.99, 0, 1799.96);
INSERT INTO sales_order_items (sales_order_item_id, sales_order_id, product_id, quantity, unit_price_at_sale, discount_amount, line_total) VALUES (126, 46, 20, 7, 499.99, 183.42, 3316.51);
INSERT INTO sales_order_items (sales_order_item_id, sales_order_id, product_id, quantity, unit_price_at_sale, discount_amount, line_total) VALUES (127, 46, 10, 5, 299.99, 0, 1499.95);
INSERT INTO sales_order_items (sales_order_item_id, sales_order_id, product_id, quantity, unit_price_at_sale, discount_amount, line_total) VALUES (128, 47, 9, 6, 149.99, 102.62, 797.32);
INSERT INTO sales_order_items (sales_order_item_id, sales_order_id, product_id, quantity, unit_price_at_sale, discount_amount, line_total) VALUES (129, 47, 7, 3, 399.99, 0, 1199.97);
INSERT INTO sales_order_items (sales_order_item_id, sales_order_id, product_id, quantity, unit_price_at_sale, discount_amount, line_total) VALUES (130, 48, 15, 11, 279.99, 0, 3079.89);
INSERT INTO sales_order_items (sales_order_item_id, sales_order_id, product_id, quantity, unit_price_at_sale, discount_amount, line_total) VALUES (131, 48, 19, 3, 99.99, 0, 299.97);
INSERT INTO sales_order_items (sales_order_item_id, sales_order_id, product_id, quantity, unit_price_at_sale, discount_amount, line_total) VALUES (132, 48, 20, 10, 499.99, 443.56, 4556.34);
INSERT INTO sales_order_items (sales_order_item_id, sales_order_id, product_id, quantity, unit_price_at_sale, discount_amount, line_total) VALUES (133, 48, 11, 12, 8.99, 0, 107.88);
INSERT INTO sales_order_items (sales_order_item_id, sales_order_id, product_id, quantity, unit_price_at_sale, discount_amount, line_total) VALUES (134, 49, 15, 2, 279.99, 0, 559.98);
INSERT INTO sales_order_items (sales_order_item_id, sales_order_id, product_id, quantity, unit_price_at_sale, discount_amount, line_total) VALUES (135, 49, 20, 10, 499.99, 0, 4999.9);
INSERT INTO sales_order_items (sales_order_item_id, sales_order_id, product_id, quantity, unit_price_at_sale, discount_amount, line_total) VALUES (136, 49, 2, 3, 1899.99, 433.54, 5266.43);
INSERT INTO sales_order_items (sales_order_item_id, sales_order_id, product_id, quantity, unit_price_at_sale, discount_amount, line_total) VALUES (137, 50, 19, 19, 99.99, 91.63, 1808.18);
INSERT INTO sales_order_items (sales_order_item_id, sales_order_id, product_id, quantity, unit_price_at_sale, discount_amount, line_total) VALUES (138, 50, 18, 16, 149.99, 0, 2399.84);
INSERT INTO sales_order_items (sales_order_item_id, sales_order_id, product_id, quantity, unit_price_at_sale, discount_amount, line_total) VALUES (139, 50, 2, 2, 1899.99, 0, 3799.98);
INSERT INTO sales_order_items (sales_order_item_id, sales_order_id, product_id, quantity, unit_price_at_sale, discount_amount, line_total) VALUES (140, 50, 15, 11, 279.99, 38.96, 3040.93);

-- ========== PAYROLL_RUNS ==========
-- 6 rows
INSERT INTO payroll_runs (payroll_run_id, period_start, period_end, processed_on, status, processed_by) VALUES (1, '2023-01-01', '2023-01-30', '2023-02-01 00:00:00', 'Draft', 5);
INSERT INTO payroll_runs (payroll_run_id, period_start, period_end, processed_on, status, processed_by) VALUES (2, '2023-01-31', '2023-03-01', '2023-03-05 00:00:00', 'Paid', 9);
INSERT INTO payroll_runs (payroll_run_id, period_start, period_end, processed_on, status, processed_by) VALUES (3, '2023-03-02', '2023-03-31', '2023-04-05 00:00:00', 'Paid', 5);
INSERT INTO payroll_runs (payroll_run_id, period_start, period_end, processed_on, status, processed_by) VALUES (4, '2023-04-01', '2023-04-30', '2023-05-03 00:00:00', 'Processed', 8);
INSERT INTO payroll_runs (payroll_run_id, period_start, period_end, processed_on, status, processed_by) VALUES (5, '2023-05-01', '2023-05-30', '2023-06-03 00:00:00', 'Paid', 8);
INSERT INTO payroll_runs (payroll_run_id, period_start, period_end, processed_on, status, processed_by) VALUES (6, '2023-05-31', '2023-06-29', '2023-07-04 00:00:00', 'Draft', 9);

-- ========== PAYROLL_ITEMS ==========
-- 144 rows
INSERT INTO payroll_items (payroll_item_id, payroll_run_id, employee_id, base_pay, allowance, overtime_pay, tax_deducted, other_deductions, net_pay) VALUES (1, 1, 1, 7213.22, 827.58, 0, 1768.98, 38.0, 6233.82);
INSERT INTO payroll_items (payroll_item_id, payroll_run_id, employee_id, base_pay, allowance, overtime_pay, tax_deducted, other_deductions, net_pay) VALUES (2, 1, 2, 3467.77, 408.63, 0, 852.81, 140.27, 2883.32);
INSERT INTO payroll_items (payroll_item_id, payroll_run_id, employee_id, base_pay, allowance, overtime_pay, tax_deducted, other_deductions, net_pay) VALUES (3, 1, 3, 7922.66, 916.31, 691.87, 2096.78, 158.86, 7275.2);
INSERT INTO payroll_items (payroll_item_id, payroll_run_id, employee_id, base_pay, allowance, overtime_pay, tax_deducted, other_deductions, net_pay) VALUES (4, 1, 4, 10923.44, 1182.72, 0, 2663.36, 211.75, 9231.05);
INSERT INTO payroll_items (payroll_item_id, payroll_run_id, employee_id, base_pay, allowance, overtime_pay, tax_deducted, other_deductions, net_pay) VALUES (5, 1, 5, 6761.43, 992.37, 265.02, 1764.14, 238.58, 6016.1);
INSERT INTO payroll_items (payroll_item_id, payroll_run_id, employee_id, base_pay, allowance, overtime_pay, tax_deducted, other_deductions, net_pay) VALUES (6, 1, 6, 3323.3, 477.89, 0, 836.26, 71.59, 2893.34);
INSERT INTO payroll_items (payroll_item_id, payroll_run_id, employee_id, base_pay, allowance, overtime_pay, tax_deducted, other_deductions, net_pay) VALUES (7, 1, 7, 10919.91, 1410.48, 731.76, 2873.67, 541.4, 9647.08);
INSERT INTO payroll_items (payroll_item_id, payroll_run_id, employee_id, base_pay, allowance, overtime_pay, tax_deducted, other_deductions, net_pay) VALUES (8, 1, 8, 6920.78, 857.33, 364.31, 1791.33, 263.01, 6088.08);
INSERT INTO payroll_items (payroll_item_id, payroll_run_id, employee_id, base_pay, allowance, overtime_pay, tax_deducted, other_deductions, net_pay) VALUES (9, 1, 9, 6638.6, 613.01, 0, 1595.35, 131.47, 5524.79);
INSERT INTO payroll_items (payroll_item_id, payroll_run_id, employee_id, base_pay, allowance, overtime_pay, tax_deducted, other_deductions, net_pay) VALUES (10, 1, 10, 11903.97, 809.78, 0, 2797.03, 602.42, 9314.3);
INSERT INTO payroll_items (payroll_item_id, payroll_run_id, employee_id, base_pay, allowance, overtime_pay, tax_deducted, other_deductions, net_pay) VALUES (11, 1, 11, 10326.77, 1018.5, 0, 2495.96, 78.04, 8771.27);
INSERT INTO payroll_items (payroll_item_id, payroll_run_id, employee_id, base_pay, allowance, overtime_pay, tax_deducted, other_deductions, net_pay) VALUES (12, 1, 12, 11687.88, 674.58, 118.21, 2745.75, 481.05, 9253.87);
INSERT INTO payroll_items (payroll_item_id, payroll_run_id, employee_id, base_pay, allowance, overtime_pay, tax_deducted, other_deductions, net_pay) VALUES (13, 1, 13, 9202.8, 1228.68, 34.74, 2302.57, 176.23, 7987.42);
INSERT INTO payroll_items (payroll_item_id, payroll_run_id, employee_id, base_pay, allowance, overtime_pay, tax_deducted, other_deductions, net_pay) VALUES (14, 1, 14, 8847.83, 1120.41, 0, 2193.01, 187.76, 7587.47);
INSERT INTO payroll_items (payroll_item_id, payroll_run_id, employee_id, base_pay, allowance, overtime_pay, tax_deducted, other_deductions, net_pay) VALUES (15, 1, 15, 11792.54, 780.96, 909.32, 2966.22, 545.41, 9971.19);
INSERT INTO payroll_items (payroll_item_id, payroll_run_id, employee_id, base_pay, allowance, overtime_pay, tax_deducted, other_deductions, net_pay) VALUES (16, 1, 16, 3089.7, 205.63, 0, 724.97, 67.7, 2502.66);
INSERT INTO payroll_items (payroll_item_id, payroll_run_id, employee_id, base_pay, allowance, overtime_pay, tax_deducted, other_deductions, net_pay) VALUES (17, 1, 17, 12292.12, 1446.0, 0, 3022.39, 305.12, 10410.61);
INSERT INTO payroll_items (payroll_item_id, payroll_run_id, employee_id, base_pay, allowance, overtime_pay, tax_deducted, other_deductions, net_pay) VALUES (18, 1, 18, 4045.38, 317.53, 181.61, 999.79, 121.34, 3423.39);
INSERT INTO payroll_items (payroll_item_id, payroll_run_id, employee_id, base_pay, allowance, overtime_pay, tax_deducted, other_deductions, net_pay) VALUES (19, 1, 19, 7080.79, 573.17, 332.1, 1756.93, 333.46, 5895.67);
INSERT INTO payroll_items (payroll_item_id, payroll_run_id, employee_id, base_pay, allowance, overtime_pay, tax_deducted, other_deductions, net_pay) VALUES (20, 1, 21, 3392.69, 294.43, 333.99, 884.64, 92.82, 3043.65);
INSERT INTO payroll_items (payroll_item_id, payroll_run_id, employee_id, base_pay, allowance, overtime_pay, tax_deducted, other_deductions, net_pay) VALUES (21, 1, 22, 9015.29, 704.79, 0, 2138.42, 256.35, 7325.31);
INSERT INTO payroll_items (payroll_item_id, payroll_run_id, employee_id, base_pay, allowance, overtime_pay, tax_deducted, other_deductions, net_pay) VALUES (22, 1, 23, 3613.03, 529.77, 289.5, 975.11, 30.67, 3426.52);
INSERT INTO payroll_items (payroll_item_id, payroll_run_id, employee_id, base_pay, allowance, overtime_pay, tax_deducted, other_deductions, net_pay) VALUES (23, 1, 24, 12070.47, 905.29, 1055.1, 3086.79, 389.03, 10555.04);
INSERT INTO payroll_items (payroll_item_id, payroll_run_id, employee_id, base_pay, allowance, overtime_pay, tax_deducted, other_deductions, net_pay) VALUES (24, 1, 25, 8877.34, 534.94, 755.61, 2236.94, 144.92, 7786.03);
INSERT INTO payroll_items (payroll_item_id, payroll_run_id, employee_id, base_pay, allowance, overtime_pay, tax_deducted, other_deductions, net_pay) VALUES (25, 2, 1, 7213.22, 911.11, 0, 1787.35, 367.75, 5969.23);
INSERT INTO payroll_items (payroll_item_id, payroll_run_id, employee_id, base_pay, allowance, overtime_pay, tax_deducted, other_deductions, net_pay) VALUES (26, 2, 2, 3467.77, 224.49, 0, 812.3, 174.72, 2705.24);
INSERT INTO payroll_items (payroll_item_id, payroll_run_id, employee_id, base_pay, allowance, overtime_pay, tax_deducted, other_deductions, net_pay) VALUES (27, 2, 3, 7922.66, 572.05, 0, 1868.84, 148.48, 6477.39);
INSERT INTO payroll_items (payroll_item_id, payroll_run_id, employee_id, base_pay, allowance, overtime_pay, tax_deducted, other_deductions, net_pay) VALUES (28, 2, 4, 10923.44, 575.31, 0, 2529.72, 288.62, 8680.41);
INSERT INTO payroll_items (payroll_item_id, payroll_run_id, employee_id, base_pay, allowance, overtime_pay, tax_deducted, other_deductions, net_pay) VALUES (29, 2, 5, 6761.43, 497.49, 253.49, 1652.73, 10.59, 5849.09);
INSERT INTO payroll_items (payroll_item_id, payroll_run_id, employee_id, base_pay, allowance, overtime_pay, tax_deducted, other_deductions, net_pay) VALUES (30, 2, 6, 3323.3, 475.51, 216.0, 883.26, 158.86, 2972.69);
INSERT INTO payroll_items (payroll_item_id, payroll_run_id, employee_id, base_pay, allowance, overtime_pay, tax_deducted, other_deductions, net_pay) VALUES (31, 2, 7, 10919.91, 696.25, 0, 2555.56, 481.93, 8578.67);
INSERT INTO payroll_items (payroll_item_id, payroll_run_id, employee_id, base_pay, allowance, overtime_pay, tax_deducted, other_deductions, net_pay) VALUES (32, 2, 8, 6920.78, 827.78, 0, 1704.68, 273.34, 5770.54);
INSERT INTO payroll_items (payroll_item_id, payroll_run_id, employee_id, base_pay, allowance, overtime_pay, tax_deducted, other_deductions, net_pay) VALUES (33, 2, 9, 6638.6, 629.74, 0, 1599.03, 28.79, 5640.52);
INSERT INTO payroll_items (payroll_item_id, payroll_run_id, employee_id, base_pay, allowance, overtime_pay, tax_deducted, other_deductions, net_pay) VALUES (34, 2, 10, 11903.97, 899.85, 653.29, 2960.56, 489.32, 10007.23);
INSERT INTO payroll_items (payroll_item_id, payroll_run_id, employee_id, base_pay, allowance, overtime_pay, tax_deducted, other_deductions, net_pay) VALUES (35, 2, 11, 10326.77, 1061.36, 0, 2505.39, 164.05, 8718.69);
INSERT INTO payroll_items (payroll_item_id, payroll_run_id, employee_id, base_pay, allowance, overtime_pay, tax_deducted, other_deductions, net_pay) VALUES (36, 2, 12, 11687.88, 936.38, 0, 2777.34, 265.0, 9581.92);
INSERT INTO payroll_items (payroll_item_id, payroll_run_id, employee_id, base_pay, allowance, overtime_pay, tax_deducted, other_deductions, net_pay) VALUES (37, 2, 13, 9202.8, 1190.75, 0, 2286.58, 57.61, 8049.36);
INSERT INTO payroll_items (payroll_item_id, payroll_run_id, employee_id, base_pay, allowance, overtime_pay, tax_deducted, other_deductions, net_pay) VALUES (38, 2, 14, 8847.83, 1243.25, 14.54, 2223.24, 260.41, 7621.97);
INSERT INTO payroll_items (payroll_item_id, payroll_run_id, employee_id, base_pay, allowance, overtime_pay, tax_deducted, other_deductions, net_pay) VALUES (39, 2, 15, 11792.54, 874.93, 0, 2786.84, 271.87, 9608.76);
INSERT INTO payroll_items (payroll_item_id, payroll_run_id, employee_id, base_pay, allowance, overtime_pay, tax_deducted, other_deductions, net_pay) VALUES (40, 2, 16, 3089.7, 344.44, 0, 755.51, 71.53, 2607.1);
INSERT INTO payroll_items (payroll_item_id, payroll_run_id, employee_id, base_pay, allowance, overtime_pay, tax_deducted, other_deductions, net_pay) VALUES (41, 2, 17, 12292.12, 1431.26, 0, 3019.14, 668.78, 10035.46);
INSERT INTO payroll_items (payroll_item_id, payroll_run_id, employee_id, base_pay, allowance, overtime_pay, tax_deducted, other_deductions, net_pay) VALUES (42, 2, 18, 4045.38, 229.65, 205.23, 985.66, 221.4, 3273.2);
INSERT INTO payroll_items (payroll_item_id, payroll_run_id, employee_id, base_pay, allowance, overtime_pay, tax_deducted, other_deductions, net_pay) VALUES (43, 2, 19, 7080.79, 746.42, 0, 1721.99, 183.99, 5921.23);
INSERT INTO payroll_items (payroll_item_id, payroll_run_id, employee_id, base_pay, allowance, overtime_pay, tax_deducted, other_deductions, net_pay) VALUES (44, 2, 21, 3392.69, 385.3, 86.06, 850.09, 3.14, 3010.82);
INSERT INTO payroll_items (payroll_item_id, payroll_run_id, employee_id, base_pay, allowance, overtime_pay, tax_deducted, other_deductions, net_pay) VALUES (45, 2, 22, 9015.29, 1161.64, 0, 2238.92, 372.95, 7565.06);
INSERT INTO payroll_items (payroll_item_id, payroll_run_id, employee_id, base_pay, allowance, overtime_pay, tax_deducted, other_deductions, net_pay) VALUES (46, 2, 23, 3613.03, 407.64, 265.63, 942.99, 71.26, 3272.05);
INSERT INTO payroll_items (payroll_item_id, payroll_run_id, employee_id, base_pay, allowance, overtime_pay, tax_deducted, other_deductions, net_pay) VALUES (47, 2, 24, 12070.47, 657.04, 981.94, 3016.08, 120.02, 10573.35);
INSERT INTO payroll_items (payroll_item_id, payroll_run_id, employee_id, base_pay, allowance, overtime_pay, tax_deducted, other_deductions, net_pay) VALUES (48, 2, 25, 8877.34, 1135.54, 0, 2202.83, 348.14, 7461.91);
INSERT INTO payroll_items (payroll_item_id, payroll_run_id, employee_id, base_pay, allowance, overtime_pay, tax_deducted, other_deductions, net_pay) VALUES (49, 3, 1, 7213.22, 816.35, 45.52, 1776.52, 313.39, 5985.18);
INSERT INTO payroll_items (payroll_item_id, payroll_run_id, employee_id, base_pay, allowance, overtime_pay, tax_deducted, other_deductions, net_pay) VALUES (50, 3, 2, 3467.77, 332.1, 0, 835.97, 8.32, 2955.58);
INSERT INTO payroll_items (payroll_item_id, payroll_run_id, employee_id, base_pay, allowance, overtime_pay, tax_deducted, other_deductions, net_pay) VALUES (51, 3, 3, 7922.66, 554.17, 0, 1864.9, 395.6, 6216.33);
INSERT INTO payroll_items (payroll_item_id, payroll_run_id, employee_id, base_pay, allowance, overtime_pay, tax_deducted, other_deductions, net_pay) VALUES (52, 3, 4, 10923.44, 1109.15, 593.18, 2777.67, 159.91, 9688.19);
INSERT INTO payroll_items (payroll_item_id, payroll_run_id, employee_id, base_pay, allowance, overtime_pay, tax_deducted, other_deductions, net_pay) VALUES (53, 3, 5, 6761.43, 847.4, 0, 1673.94, 135.81, 5799.08);
INSERT INTO payroll_items (payroll_item_id, payroll_run_id, employee_id, base_pay, allowance, overtime_pay, tax_deducted, other_deductions, net_pay) VALUES (54, 3, 6, 3323.3, 425.66, 110.31, 849.04, 24.02, 2986.21);
INSERT INTO payroll_items (payroll_item_id, payroll_run_id, employee_id, base_pay, allowance, overtime_pay, tax_deducted, other_deductions, net_pay) VALUES (55, 3, 7, 10919.91, 947.87, 811.69, 2789.48, 567.18, 9322.81);
INSERT INTO payroll_items (payroll_item_id, payroll_run_id, employee_id, base_pay, allowance, overtime_pay, tax_deducted, other_deductions, net_pay) VALUES (56, 3, 8, 6920.78, 613.63, 343.41, 1733.12, 195.97, 5948.73);
INSERT INTO payroll_items (payroll_item_id, payroll_run_id, employee_id, base_pay, allowance, overtime_pay, tax_deducted, other_deductions, net_pay) VALUES (57, 3, 9, 6638.6, 945.54, 531.85, 1785.52, 295.05, 6035.42);
INSERT INTO payroll_items (payroll_item_id, payroll_run_id, employee_id, base_pay, allowance, overtime_pay, tax_deducted, other_deductions, net_pay) VALUES (58, 3, 10, 11903.97, 689.15, 978.91, 2985.85, 370.16, 10216.02);
INSERT INTO payroll_items (payroll_item_id, payroll_run_id, employee_id, base_pay, allowance, overtime_pay, tax_deducted, other_deductions, net_pay) VALUES (59, 3, 11, 10326.77, 848.05, 0, 2458.46, 369.28, 8347.08);
INSERT INTO payroll_items (payroll_item_id, payroll_run_id, employee_id, base_pay, allowance, overtime_pay, tax_deducted, other_deductions, net_pay) VALUES (60, 3, 12, 11687.88, 942.62, 498.04, 2888.28, 452.78, 9787.48);
INSERT INTO payroll_items (payroll_item_id, payroll_run_id, employee_id, base_pay, allowance, overtime_pay, tax_deducted, other_deductions, net_pay) VALUES (61, 3, 13, 9202.8, 783.66, 0, 2197.02, 434.43, 7355.01);
INSERT INTO payroll_items (payroll_item_id, payroll_run_id, employee_id, base_pay, allowance, overtime_pay, tax_deducted, other_deductions, net_pay) VALUES (62, 3, 14, 8847.83, 754.33, 242.92, 2165.92, 482.42, 7196.74);
INSERT INTO payroll_items (payroll_item_id, payroll_run_id, employee_id, base_pay, allowance, overtime_pay, tax_deducted, other_deductions, net_pay) VALUES (63, 3, 15, 11792.54, 1707.45, 0, 2970.0, 430.32, 10099.67);
INSERT INTO payroll_items (payroll_item_id, payroll_run_id, employee_id, base_pay, allowance, overtime_pay, tax_deducted, other_deductions, net_pay) VALUES (64, 3, 16, 3089.7, 266.74, 209.92, 784.6, 169.9, 2611.86);
INSERT INTO payroll_items (payroll_item_id, payroll_run_id, employee_id, base_pay, allowance, overtime_pay, tax_deducted, other_deductions, net_pay) VALUES (65, 3, 17, 12292.12, 790.11, 960.4, 3089.38, 24.43, 10928.82);
INSERT INTO payroll_items (payroll_item_id, payroll_run_id, employee_id, base_pay, allowance, overtime_pay, tax_deducted, other_deductions, net_pay) VALUES (66, 3, 18, 4045.38, 229.47, 148.19, 973.07, 84.67, 3365.3);
INSERT INTO payroll_items (payroll_item_id, payroll_run_id, employee_id, base_pay, allowance, overtime_pay, tax_deducted, other_deductions, net_pay) VALUES (67, 3, 19, 7080.79, 755.69, 480.83, 1829.81, 394.58, 6092.92);
INSERT INTO payroll_items (payroll_item_id, payroll_run_id, employee_id, base_pay, allowance, overtime_pay, tax_deducted, other_deductions, net_pay) VALUES (68, 3, 21, 3392.69, 295.85, 194.71, 854.32, 102.8, 2926.13);
INSERT INTO payroll_items (payroll_item_id, payroll_run_id, employee_id, base_pay, allowance, overtime_pay, tax_deducted, other_deductions, net_pay) VALUES (69, 3, 22, 9015.29, 809.6, 225.03, 2210.98, 57.01, 7781.93);
INSERT INTO payroll_items (payroll_item_id, payroll_run_id, employee_id, base_pay, allowance, overtime_pay, tax_deducted, other_deductions, net_pay) VALUES (70, 3, 23, 3613.03, 446.45, 0, 893.09, 78.55, 3087.84);
INSERT INTO payroll_items (payroll_item_id, payroll_run_id, employee_id, base_pay, allowance, overtime_pay, tax_deducted, other_deductions, net_pay) VALUES (71, 3, 24, 12070.47, 1281.49, 0, 2937.43, 173.77, 10240.76);
INSERT INTO payroll_items (payroll_item_id, payroll_run_id, employee_id, base_pay, allowance, overtime_pay, tax_deducted, other_deductions, net_pay) VALUES (72, 3, 25, 8877.34, 840.04, 253.52, 2193.6, 456.91, 7320.39);
INSERT INTO payroll_items (payroll_item_id, payroll_run_id, employee_id, base_pay, allowance, overtime_pay, tax_deducted, other_deductions, net_pay) VALUES (73, 4, 1, 7213.22, 714.97, 0, 1744.2, 338.07, 5845.92);
INSERT INTO payroll_items (payroll_item_id, payroll_run_id, employee_id, base_pay, allowance, overtime_pay, tax_deducted, other_deductions, net_pay) VALUES (74, 4, 2, 3467.77, 330.15, 154.35, 869.5, 17.35, 3065.42);
INSERT INTO payroll_items (payroll_item_id, payroll_run_id, employee_id, base_pay, allowance, overtime_pay, tax_deducted, other_deductions, net_pay) VALUES (75, 4, 3, 7922.66, 936.4, 253.2, 2004.7, 158.29, 6949.27);
INSERT INTO payroll_items (payroll_item_id, payroll_run_id, employee_id, base_pay, allowance, overtime_pay, tax_deducted, other_deductions, net_pay) VALUES (76, 4, 4, 10923.44, 617.11, 973.64, 2753.12, 532.71, 9228.36);
INSERT INTO payroll_items (payroll_item_id, payroll_run_id, employee_id, base_pay, allowance, overtime_pay, tax_deducted, other_deductions, net_pay) VALUES (77, 4, 5, 6761.43, 819.36, 431.18, 1762.63, 317.95, 5931.39);
INSERT INTO payroll_items (payroll_item_id, payroll_run_id, employee_id, base_pay, allowance, overtime_pay, tax_deducted, other_deductions, net_pay) VALUES (78, 4, 6, 3323.3, 335.24, 0, 804.88, 36.76, 2816.9);
INSERT INTO payroll_items (payroll_item_id, payroll_run_id, employee_id, base_pay, allowance, overtime_pay, tax_deducted, other_deductions, net_pay) VALUES (79, 4, 7, 10919.91, 697.65, 28.7, 2562.18, 322.61, 8761.47);
INSERT INTO payroll_items (payroll_item_id, payroll_run_id, employee_id, base_pay, allowance, overtime_pay, tax_deducted, other_deductions, net_pay) VALUES (80, 4, 8, 6920.78, 601.35, 381.78, 1738.86, 241.84, 5923.21);
INSERT INTO payroll_items (payroll_item_id, payroll_run_id, employee_id, base_pay, allowance, overtime_pay, tax_deducted, other_deductions, net_pay) VALUES (81, 4, 9, 6638.6, 389.17, 0, 1546.11, 351.25, 5130.41);
INSERT INTO payroll_items (payroll_item_id, payroll_run_id, employee_id, base_pay, allowance, overtime_pay, tax_deducted, other_deductions, net_pay) VALUES (82, 4, 10, 11903.97, 1450.94, 915.61, 3139.51, 587.47, 10543.54);
INSERT INTO payroll_items (payroll_item_id, payroll_run_id, employee_id, base_pay, allowance, overtime_pay, tax_deducted, other_deductions, net_pay) VALUES (83, 4, 11, 10326.77, 592.5, 663.33, 2548.17, 260.59, 8773.84);
INSERT INTO payroll_items (payroll_item_id, payroll_run_id, employee_id, base_pay, allowance, overtime_pay, tax_deducted, other_deductions, net_pay) VALUES (84, 4, 12, 11687.88, 1379.3, 0, 2874.78, 573.62, 9618.78);
INSERT INTO payroll_items (payroll_item_id, payroll_run_id, employee_id, base_pay, allowance, overtime_pay, tax_deducted, other_deductions, net_pay) VALUES (85, 4, 13, 9202.8, 1178.2, 167.46, 2320.66, 509.63, 7718.17);
INSERT INTO payroll_items (payroll_item_id, payroll_run_id, employee_id, base_pay, allowance, overtime_pay, tax_deducted, other_deductions, net_pay) VALUES (86, 4, 14, 8847.83, 825.16, 49.03, 2138.84, 60.35, 7522.83);
INSERT INTO payroll_items (payroll_item_id, payroll_run_id, employee_id, base_pay, allowance, overtime_pay, tax_deducted, other_deductions, net_pay) VALUES (87, 4, 15, 11792.54, 770.07, 0, 2763.77, 202.67, 9596.17);
INSERT INTO payroll_items (payroll_item_id, payroll_run_id, employee_id, base_pay, allowance, overtime_pay, tax_deducted, other_deductions, net_pay) VALUES (88, 4, 16, 3089.7, 373.65, 0, 761.94, 162.93, 2538.48);
INSERT INTO payroll_items (payroll_item_id, payroll_run_id, employee_id, base_pay, allowance, overtime_pay, tax_deducted, other_deductions, net_pay) VALUES (89, 4, 17, 12292.12, 1714.66, 308.05, 3149.26, 454.54, 10711.03);
INSERT INTO payroll_items (payroll_item_id, payroll_run_id, employee_id, base_pay, allowance, overtime_pay, tax_deducted, other_deductions, net_pay) VALUES (90, 4, 18, 4045.38, 425.11, 0, 983.51, 67.69, 3419.29);
INSERT INTO payroll_items (payroll_item_id, payroll_run_id, employee_id, base_pay, allowance, overtime_pay, tax_deducted, other_deductions, net_pay) VALUES (91, 4, 19, 7080.79, 731.78, 119.41, 1745.04, 373.44, 5813.5);
INSERT INTO payroll_items (payroll_item_id, payroll_run_id, employee_id, base_pay, allowance, overtime_pay, tax_deducted, other_deductions, net_pay) VALUES (92, 4, 21, 3392.69, 221.95, 244.49, 849.01, 116.77, 2893.35);
INSERT INTO payroll_items (payroll_item_id, payroll_run_id, employee_id, base_pay, allowance, overtime_pay, tax_deducted, other_deductions, net_pay) VALUES (93, 4, 22, 9015.29, 1210.33, 743.97, 2413.31, 15.56, 8540.72);
INSERT INTO payroll_items (payroll_item_id, payroll_run_id, employee_id, base_pay, allowance, overtime_pay, tax_deducted, other_deductions, net_pay) VALUES (94, 4, 23, 3613.03, 197.08, 208.39, 884.07, 130.83, 3003.6);
INSERT INTO payroll_items (payroll_item_id, payroll_run_id, employee_id, base_pay, allowance, overtime_pay, tax_deducted, other_deductions, net_pay) VALUES (95, 4, 24, 12070.47, 1529.28, 0, 2991.95, 434.51, 10173.29);
INSERT INTO payroll_items (payroll_item_id, payroll_run_id, employee_id, base_pay, allowance, overtime_pay, tax_deducted, other_deductions, net_pay) VALUES (96, 4, 25, 8877.34, 885.99, 257.15, 2204.51, 479.3, 7336.67);
INSERT INTO payroll_items (payroll_item_id, payroll_run_id, employee_id, base_pay, allowance, overtime_pay, tax_deducted, other_deductions, net_pay) VALUES (97, 5, 1, 7213.22, 709.02, 494.1, 1851.59, 125.17, 6439.58);
INSERT INTO payroll_items (payroll_item_id, payroll_run_id, employee_id, base_pay, allowance, overtime_pay, tax_deducted, other_deductions, net_pay) VALUES (98, 5, 2, 3467.77, 198.69, 0, 806.62, 80.59, 2779.25);
INSERT INTO payroll_items (payroll_item_id, payroll_run_id, employee_id, base_pay, allowance, overtime_pay, tax_deducted, other_deductions, net_pay) VALUES (99, 5, 3, 7922.66, 779.79, 0, 1914.54, 263.97, 6523.94);
INSERT INTO payroll_items (payroll_item_id, payroll_run_id, employee_id, base_pay, allowance, overtime_pay, tax_deducted, other_deductions, net_pay) VALUES (100, 5, 4, 10923.44, 887.62, 802.0, 2774.87, 542.85, 9295.34);
INSERT INTO payroll_items (payroll_item_id, payroll_run_id, employee_id, base_pay, allowance, overtime_pay, tax_deducted, other_deductions, net_pay) VALUES (101, 5, 5, 6761.43, 997.56, 0, 1706.98, 143.75, 5908.26);
INSERT INTO payroll_items (payroll_item_id, payroll_run_id, employee_id, base_pay, allowance, overtime_pay, tax_deducted, other_deductions, net_pay) VALUES (102, 5, 6, 3323.3, 352.82, 0, 808.75, 85.74, 2781.63);
INSERT INTO payroll_items (payroll_item_id, payroll_run_id, employee_id, base_pay, allowance, overtime_pay, tax_deducted, other_deductions, net_pay) VALUES (103, 5, 7, 10919.91, 838.07, 0, 2586.76, 56.92, 9114.3);
INSERT INTO payroll_items (payroll_item_id, payroll_run_id, employee_id, base_pay, allowance, overtime_pay, tax_deducted, other_deductions, net_pay) VALUES (104, 5, 8, 6920.78, 546.89, 0, 1642.89, 229.77, 5595.01);
INSERT INTO payroll_items (payroll_item_id, payroll_run_id, employee_id, base_pay, allowance, overtime_pay, tax_deducted, other_deductions, net_pay) VALUES (105, 5, 9, 6638.6, 496.75, 106.02, 1593.1, 118.55, 5529.72);
INSERT INTO payroll_items (payroll_item_id, payroll_run_id, employee_id, base_pay, allowance, overtime_pay, tax_deducted, other_deductions, net_pay) VALUES (106, 5, 10, 11903.97, 1282.88, 0, 2901.11, 503.16, 9782.58);
INSERT INTO payroll_items (payroll_item_id, payroll_run_id, employee_id, base_pay, allowance, overtime_pay, tax_deducted, other_deductions, net_pay) VALUES (107, 5, 11, 10326.77, 1030.89, 515.06, 2612.0, 183.16, 9077.56);
INSERT INTO payroll_items (payroll_item_id, payroll_run_id, employee_id, base_pay, allowance, overtime_pay, tax_deducted, other_deductions, net_pay) VALUES (108, 5, 12, 11687.88, 611.48, 590.76, 2835.83, 623.04, 9431.25);
INSERT INTO payroll_items (payroll_item_id, payroll_run_id, employee_id, base_pay, allowance, overtime_pay, tax_deducted, other_deductions, net_pay) VALUES (109, 5, 13, 9202.8, 658.13, 0, 2169.4, 24.92, 7666.61);
INSERT INTO payroll_items (payroll_item_id, payroll_run_id, employee_id, base_pay, allowance, overtime_pay, tax_deducted, other_deductions, net_pay) VALUES (110, 5, 14, 8847.83, 880.27, 578.88, 2267.54, 242.52, 7796.92);
INSERT INTO payroll_items (payroll_item_id, payroll_run_id, employee_id, base_pay, allowance, overtime_pay, tax_deducted, other_deductions, net_pay) VALUES (111, 5, 15, 11792.54, 1222.52, 508.17, 2975.11, 596.68, 9951.44);
INSERT INTO payroll_items (payroll_item_id, payroll_run_id, employee_id, base_pay, allowance, overtime_pay, tax_deducted, other_deductions, net_pay) VALUES (112, 5, 16, 3089.7, 379.26, 113.06, 788.04, 71.74, 2722.24);
INSERT INTO payroll_items (payroll_item_id, payroll_run_id, employee_id, base_pay, allowance, overtime_pay, tax_deducted, other_deductions, net_pay) VALUES (113, 5, 17, 12292.12, 1315.6, 0, 2993.7, 376.41, 10237.61);
INSERT INTO payroll_items (payroll_item_id, payroll_run_id, employee_id, base_pay, allowance, overtime_pay, tax_deducted, other_deductions, net_pay) VALUES (114, 5, 18, 4045.38, 232.02, 309.23, 1009.06, 64.15, 3513.42);
INSERT INTO payroll_items (payroll_item_id, payroll_run_id, employee_id, base_pay, allowance, overtime_pay, tax_deducted, other_deductions, net_pay) VALUES (115, 5, 19, 7080.79, 1054.39, 84.13, 1808.25, 400.73, 6010.33);
INSERT INTO payroll_items (payroll_item_id, payroll_run_id, employee_id, base_pay, allowance, overtime_pay, tax_deducted, other_deductions, net_pay) VALUES (116, 5, 21, 3392.69, 303.27, 115.04, 838.42, 178.92, 2793.66);
INSERT INTO payroll_items (payroll_item_id, payroll_run_id, employee_id, base_pay, allowance, overtime_pay, tax_deducted, other_deductions, net_pay) VALUES (117, 5, 22, 9015.29, 1131.39, 0, 2232.27, 258.3, 7656.11);
INSERT INTO payroll_items (payroll_item_id, payroll_run_id, employee_id, base_pay, allowance, overtime_pay, tax_deducted, other_deductions, net_pay) VALUES (118, 5, 23, 3613.03, 361.33, 0, 874.36, 27.23, 3072.77);
INSERT INTO payroll_items (payroll_item_id, payroll_run_id, employee_id, base_pay, allowance, overtime_pay, tax_deducted, other_deductions, net_pay) VALUES (119, 5, 24, 12070.47, 1005.52, 0, 2876.72, 298.78, 9900.49);
INSERT INTO payroll_items (payroll_item_id, payroll_run_id, employee_id, base_pay, allowance, overtime_pay, tax_deducted, other_deductions, net_pay) VALUES (120, 5, 25, 8877.34, 982.07, 291.15, 2233.12, 311.15, 7606.29);
INSERT INTO payroll_items (payroll_item_id, payroll_run_id, employee_id, base_pay, allowance, overtime_pay, tax_deducted, other_deductions, net_pay) VALUES (121, 6, 1, 7213.22, 477.88, 533.29, 1809.37, 123.05, 6291.97);
INSERT INTO payroll_items (payroll_item_id, payroll_run_id, employee_id, base_pay, allowance, overtime_pay, tax_deducted, other_deductions, net_pay) VALUES (122, 6, 2, 3467.77, 290.04, 184.6, 867.33, 139.71, 2935.37);
INSERT INTO payroll_items (payroll_item_id, payroll_run_id, employee_id, base_pay, allowance, overtime_pay, tax_deducted, other_deductions, net_pay) VALUES (123, 6, 3, 7922.66, 633.65, 291.84, 1946.59, 298.1, 6603.46);
INSERT INTO payroll_items (payroll_item_id, payroll_run_id, employee_id, base_pay, allowance, overtime_pay, tax_deducted, other_deductions, net_pay) VALUES (124, 6, 4, 10923.44, 1616.56, 870.33, 2950.27, 486.34, 9973.72);
INSERT INTO payroll_items (payroll_item_id, payroll_run_id, employee_id, base_pay, allowance, overtime_pay, tax_deducted, other_deductions, net_pay) VALUES (125, 6, 5, 6761.43, 803.29, 0, 1664.24, 179.51, 5720.97);
INSERT INTO payroll_items (payroll_item_id, payroll_run_id, employee_id, base_pay, allowance, overtime_pay, tax_deducted, other_deductions, net_pay) VALUES (126, 6, 6, 3323.3, 487.55, 257.94, 895.13, 117.51, 3056.15);
INSERT INTO payroll_items (payroll_item_id, payroll_run_id, employee_id, base_pay, allowance, overtime_pay, tax_deducted, other_deductions, net_pay) VALUES (127, 6, 7, 10919.91, 1333.76, 186.2, 2736.77, 391.25, 9311.85);
INSERT INTO payroll_items (payroll_item_id, payroll_run_id, employee_id, base_pay, allowance, overtime_pay, tax_deducted, other_deductions, net_pay) VALUES (128, 6, 8, 6920.78, 774.94, 102.27, 1715.56, 265.42, 5817.01);
INSERT INTO payroll_items (payroll_item_id, payroll_run_id, employee_id, base_pay, allowance, overtime_pay, tax_deducted, other_deductions, net_pay) VALUES (129, 6, 9, 6638.6, 352.89, 72.96, 1554.18, 6.69, 5503.58);
INSERT INTO payroll_items (payroll_item_id, payroll_run_id, employee_id, base_pay, allowance, overtime_pay, tax_deducted, other_deductions, net_pay) VALUES (130, 6, 10, 11903.97, 968.62, 0, 2831.97, 444.43, 9596.19);
INSERT INTO payroll_items (payroll_item_id, payroll_run_id, employee_id, base_pay, allowance, overtime_pay, tax_deducted, other_deductions, net_pay) VALUES (131, 6, 11, 10326.77, 940.13, 950.6, 2687.85, 533.18, 8996.47);
INSERT INTO payroll_items (payroll_item_id, payroll_run_id, employee_id, base_pay, allowance, overtime_pay, tax_deducted, other_deductions, net_pay) VALUES (132, 6, 12, 11687.88, 1444.43, 0, 2889.11, 90.67, 10152.53);
INSERT INTO payroll_items (payroll_item_id, payroll_run_id, employee_id, base_pay, allowance, overtime_pay, tax_deducted, other_deductions, net_pay) VALUES (133, 6, 13, 9202.8, 650.95, 0, 2167.82, 326.27, 7359.66);
INSERT INTO payroll_items (payroll_item_id, payroll_run_id, employee_id, base_pay, allowance, overtime_pay, tax_deducted, other_deductions, net_pay) VALUES (134, 6, 14, 8847.83, 907.32, 0, 2146.13, 84.47, 7524.55);
INSERT INTO payroll_items (payroll_item_id, payroll_run_id, employee_id, base_pay, allowance, overtime_pay, tax_deducted, other_deductions, net_pay) VALUES (135, 6, 15, 11792.54, 1665.25, 0, 2960.71, 238.4, 10258.68);
INSERT INTO payroll_items (payroll_item_id, payroll_run_id, employee_id, base_pay, allowance, overtime_pay, tax_deducted, other_deductions, net_pay) VALUES (136, 6, 16, 3089.7, 393.01, 198.76, 809.92, 127.62, 2743.93);
INSERT INTO payroll_items (payroll_item_id, payroll_run_id, employee_id, base_pay, allowance, overtime_pay, tax_deducted, other_deductions, net_pay) VALUES (137, 6, 17, 12292.12, 1364.52, 0, 3004.46, 168.33, 10483.85);
INSERT INTO payroll_items (payroll_item_id, payroll_run_id, employee_id, base_pay, allowance, overtime_pay, tax_deducted, other_deductions, net_pay) VALUES (138, 6, 18, 4045.38, 428.04, 0, 984.15, 217.61, 3271.66);
INSERT INTO payroll_items (payroll_item_id, payroll_run_id, employee_id, base_pay, allowance, overtime_pay, tax_deducted, other_deductions, net_pay) VALUES (139, 6, 19, 7080.79, 564.77, 0, 1682.02, 79.24, 5884.3);
INSERT INTO payroll_items (payroll_item_id, payroll_run_id, employee_id, base_pay, allowance, overtime_pay, tax_deducted, other_deductions, net_pay) VALUES (140, 6, 21, 3392.69, 408.82, 0, 836.33, 66.3, 2898.88);
INSERT INTO payroll_items (payroll_item_id, payroll_run_id, employee_id, base_pay, allowance, overtime_pay, tax_deducted, other_deductions, net_pay) VALUES (141, 6, 22, 9015.29, 1292.52, 246.53, 2321.95, 64.32, 8168.07);
INSERT INTO payroll_items (payroll_item_id, payroll_run_id, employee_id, base_pay, allowance, overtime_pay, tax_deducted, other_deductions, net_pay) VALUES (142, 6, 23, 3613.03, 425.12, 0, 888.39, 197.9, 2951.86);
INSERT INTO payroll_items (payroll_item_id, payroll_run_id, employee_id, base_pay, allowance, overtime_pay, tax_deducted, other_deductions, net_pay) VALUES (143, 6, 24, 12070.47, 1591.34, 971.21, 3219.26, 212.51, 11201.25);
INSERT INTO payroll_items (payroll_item_id, payroll_run_id, employee_id, base_pay, allowance, overtime_pay, tax_deducted, other_deductions, net_pay) VALUES (144, 6, 25, 8877.34, 699.21, 307.48, 2174.49, 218.62, 7490.92);

-- ========== INVOICES ==========
-- 35 rows
INSERT INTO invoices (invoice_id, invoice_number, sales_order_id, customer_id, issued_date, due_date, status, subtotal, tax_total, total_amount, created_by) VALUES (1, 'INV-000001', 1, 5, '2024-11-16 00:00:00', '2024-11-25 00:00:00', 'Paid', 15056.47, 1204.52, 16260.99, 8);
INSERT INTO invoices (invoice_id, invoice_number, sales_order_id, customer_id, issued_date, due_date, status, subtotal, tax_total, total_amount, created_by) VALUES (2, 'INV-000002', 2, 15, '2024-09-12 00:00:00', '2024-09-19 00:00:00', 'Unpaid', 28331.16, 2266.49, 30597.65, 9);
INSERT INTO invoices (invoice_id, invoice_number, sales_order_id, customer_id, issued_date, due_date, status, subtotal, tax_total, total_amount, created_by) VALUES (3, 'INV-000003', 3, 10, '2024-08-12 00:00:00', '2024-08-21 00:00:00', 'Paid', 26568.68, 2125.49, 28694.17, 9);
INSERT INTO invoices (invoice_id, invoice_number, sales_order_id, customer_id, issued_date, due_date, status, subtotal, tax_total, total_amount, created_by) VALUES (4, 'INV-000004', 4, 23, '2024-12-08 00:00:00', '2024-12-17 00:00:00', 'Unpaid', 36274.759999999995, 2901.98, 39176.74, 5);
INSERT INTO invoices (invoice_id, invoice_number, sales_order_id, customer_id, issued_date, due_date, status, subtotal, tax_total, total_amount, created_by) VALUES (5, 'INV-000005', 6, 18, '2024-06-02 00:00:00', '2024-06-22 00:00:00', 'Paid', 8664.01, 693.12, 9357.13, 9);
INSERT INTO invoices (invoice_id, invoice_number, sales_order_id, customer_id, issued_date, due_date, status, subtotal, tax_total, total_amount, created_by) VALUES (6, 'INV-000006', 7, 28, '2024-03-19 00:00:00', '2024-03-27 00:00:00', 'Unpaid', 25597.69, 2047.82, 27645.51, 5);
INSERT INTO invoices (invoice_id, invoice_number, sales_order_id, customer_id, issued_date, due_date, status, subtotal, tax_total, total_amount, created_by) VALUES (7, 'INV-000007', 8, 23, '2024-06-18 00:00:00', '2024-07-10 00:00:00', 'Paid', 1452.29, 116.18, 1568.47, 5);
INSERT INTO invoices (invoice_id, invoice_number, sales_order_id, customer_id, issued_date, due_date, status, subtotal, tax_total, total_amount, created_by) VALUES (8, 'INV-000008', 9, 25, '2024-08-29 00:00:00', '2024-09-19 00:00:00', 'Unpaid', 17.98, 1.44, 19.42, 5);
INSERT INTO invoices (invoice_id, invoice_number, sales_order_id, customer_id, issued_date, due_date, status, subtotal, tax_total, total_amount, created_by) VALUES (9, 'INV-000009', 11, 25, '2024-01-24 00:00:00', '2024-01-28 00:00:00', 'Paid', 1074.86, 85.99, 1160.85, 8);
INSERT INTO invoices (invoice_id, invoice_number, sales_order_id, customer_id, issued_date, due_date, status, subtotal, tax_total, total_amount, created_by) VALUES (10, 'INV-000010', 12, 16, '2023-08-06 00:00:00', '2023-08-29 00:00:00', 'Paid', 2733.55, 218.68, 2952.23, 5);
INSERT INTO invoices (invoice_id, invoice_number, sales_order_id, customer_id, issued_date, due_date, status, subtotal, tax_total, total_amount, created_by) VALUES (11, 'INV-000011', 16, 26, '2023-08-15 00:00:00', '2023-09-06 00:00:00', 'Void', 4039.04, 323.12, 4362.16, 5);
INSERT INTO invoices (invoice_id, invoice_number, sales_order_id, customer_id, issued_date, due_date, status, subtotal, tax_total, total_amount, created_by) VALUES (12, 'INV-000012', 17, 10, '2024-06-27 00:00:00', '2024-06-28 00:00:00', 'Paid', 1104.04, 88.32, 1192.36, 5);
INSERT INTO invoices (invoice_id, invoice_number, sales_order_id, customer_id, issued_date, due_date, status, subtotal, tax_total, total_amount, created_by) VALUES (13, 'INV-000013', 18, 24, '2024-04-09 00:00:00', '2024-04-23 00:00:00', 'Paid', 4491.74, 359.34, 4851.08, 8);
INSERT INTO invoices (invoice_id, invoice_number, sales_order_id, customer_id, issued_date, due_date, status, subtotal, tax_total, total_amount, created_by) VALUES (14, 'INV-000014', 19, 9, '2023-07-17 00:00:00', '2023-08-02 00:00:00', 'Paid', 26640.67, 2131.25, 28771.92, 5);
INSERT INTO invoices (invoice_id, invoice_number, sales_order_id, customer_id, issued_date, due_date, status, subtotal, tax_total, total_amount, created_by) VALUES (15, 'INV-000015', 20, 24, '2023-07-09 00:00:00', '2023-08-03 00:00:00', 'PartiallyPaid', 2750.9, 220.07, 2970.97, 8);
INSERT INTO invoices (invoice_id, invoice_number, sales_order_id, customer_id, issued_date, due_date, status, subtotal, tax_total, total_amount, created_by) VALUES (16, 'INV-000016', 21, 24, '2024-08-26 00:00:00', '2024-09-05 00:00:00', 'Paid', 18668.96, 1493.52, 20162.48, 5);
INSERT INTO invoices (invoice_id, invoice_number, sales_order_id, customer_id, issued_date, due_date, status, subtotal, tax_total, total_amount, created_by) VALUES (17, 'INV-000017', 22, 27, '2024-01-05 00:00:00', '2024-02-04 00:00:00', 'Void', 3569.6899999999996, 285.58, 3855.27, 5);
INSERT INTO invoices (invoice_id, invoice_number, sales_order_id, customer_id, issued_date, due_date, status, subtotal, tax_total, total_amount, created_by) VALUES (18, 'INV-000018', 25, 16, '2023-02-22 00:00:00', '2023-03-15 00:00:00', 'Paid', 4759.61, 380.77, 5140.38, 5);
INSERT INTO invoices (invoice_id, invoice_number, sales_order_id, customer_id, issued_date, due_date, status, subtotal, tax_total, total_amount, created_by) VALUES (19, 'INV-000019', 27, 5, '2023-09-12 00:00:00', '2023-09-30 00:00:00', 'Paid', 593.29, 47.46, 640.75, 9);
INSERT INTO invoices (invoice_id, invoice_number, sales_order_id, customer_id, issued_date, due_date, status, subtotal, tax_total, total_amount, created_by) VALUES (20, 'INV-000020', 28, 25, '2023-08-20 00:00:00', '2023-09-17 00:00:00', 'Unpaid', 10549.87, 843.99, 11393.86, 5);
INSERT INTO invoices (invoice_id, invoice_number, sales_order_id, customer_id, issued_date, due_date, status, subtotal, tax_total, total_amount, created_by) VALUES (21, 'INV-000021', 29, 30, '2024-08-25 00:00:00', '2024-09-08 00:00:00', 'Void', 449.91, 35.99, 485.9, 5);
INSERT INTO invoices (invoice_id, invoice_number, sales_order_id, customer_id, issued_date, due_date, status, subtotal, tax_total, total_amount, created_by) VALUES (22, 'INV-000022', 30, 19, '2023-04-12 00:00:00', '2023-05-12 00:00:00', 'Unpaid', 4983.41, 398.67, 5382.08, 8);
INSERT INTO invoices (invoice_id, invoice_number, sales_order_id, customer_id, issued_date, due_date, status, subtotal, tax_total, total_amount, created_by) VALUES (23, 'INV-000023', 31, 9, '2023-06-27 00:00:00', '2023-07-23 00:00:00', 'Paid', 28456.04, 2276.48, 30732.52, 5);
INSERT INTO invoices (invoice_id, invoice_number, sales_order_id, customer_id, issued_date, due_date, status, subtotal, tax_total, total_amount, created_by) VALUES (24, 'INV-000024', 32, 1, '2024-04-26 00:00:00', '2024-05-26 00:00:00', 'Paid', 524.85, 41.99, 566.84, 8);
INSERT INTO invoices (invoice_id, invoice_number, sales_order_id, customer_id, issued_date, due_date, status, subtotal, tax_total, total_amount, created_by) VALUES (25, 'INV-000025', 33, 8, '2024-04-09 00:00:00', '2024-05-08 00:00:00', 'Unpaid', 179.8, 14.38, 194.18, 5);
INSERT INTO invoices (invoice_id, invoice_number, sales_order_id, customer_id, issued_date, due_date, status, subtotal, tax_total, total_amount, created_by) VALUES (26, 'INV-000026', 34, 30, '2024-08-26 00:00:00', '2024-09-05 00:00:00', 'Paid', 4545.36, 363.63, 4908.99, 9);
INSERT INTO invoices (invoice_id, invoice_number, sales_order_id, customer_id, issued_date, due_date, status, subtotal, tax_total, total_amount, created_by) VALUES (27, 'INV-000027', 35, 4, '2023-06-02 00:00:00', '2023-06-06 00:00:00', 'PartiallyPaid', 4593.5599999999995, 367.48, 4961.04, 8);
INSERT INTO invoices (invoice_id, invoice_number, sales_order_id, customer_id, issued_date, due_date, status, subtotal, tax_total, total_amount, created_by) VALUES (28, 'INV-000028', 36, 3, '2023-11-11 00:00:00', '2023-11-26 00:00:00', 'Paid', 2814.65, 225.17, 3039.82, 9);
INSERT INTO invoices (invoice_id, invoice_number, sales_order_id, customer_id, issued_date, due_date, status, subtotal, tax_total, total_amount, created_by) VALUES (29, 'INV-000029', 37, 4, '2024-02-17 00:00:00', '2024-03-05 00:00:00', 'Paid', 10209.67, 816.77, 11026.44, 5);
INSERT INTO invoices (invoice_id, invoice_number, sales_order_id, customer_id, issued_date, due_date, status, subtotal, tax_total, total_amount, created_by) VALUES (30, 'INV-000030', 38, 18, '2023-02-10 00:00:00', '2023-03-10 00:00:00', 'Paid', 11399.69, 911.98, 12311.67, 8);
INSERT INTO invoices (invoice_id, invoice_number, sales_order_id, customer_id, issued_date, due_date, status, subtotal, tax_total, total_amount, created_by) VALUES (31, 'INV-000031', 42, 14, '2023-06-14 00:00:00', '2023-06-23 00:00:00', 'Unpaid', 9270.32, 741.63, 10011.95, 5);
INSERT INTO invoices (invoice_id, invoice_number, sales_order_id, customer_id, issued_date, due_date, status, subtotal, tax_total, total_amount, created_by) VALUES (32, 'INV-000032', 44, 3, '2023-04-29 00:00:00', '2023-05-10 00:00:00', 'Unpaid', 2777.64, 222.21, 2999.85, 9);
INSERT INTO invoices (invoice_id, invoice_number, sales_order_id, customer_id, issued_date, due_date, status, subtotal, tax_total, total_amount, created_by) VALUES (33, 'INV-000033', 45, 27, '2024-04-18 00:00:00', '2024-05-03 00:00:00', 'Paid', 6608.7300000000005, 528.7, 7137.43, 8);
INSERT INTO invoices (invoice_id, invoice_number, sales_order_id, customer_id, issued_date, due_date, status, subtotal, tax_total, total_amount, created_by) VALUES (34, 'INV-000034', 48, 1, '2023-06-12 00:00:00', '2023-07-05 00:00:00', 'Unpaid', 8044.08, 643.53, 8687.61, 5);
INSERT INTO invoices (invoice_id, invoice_number, sales_order_id, customer_id, issued_date, due_date, status, subtotal, tax_total, total_amount, created_by) VALUES (35, 'INV-000035', 50, 21, '2023-10-26 00:00:00', '2023-11-19 00:00:00', 'PartiallyPaid', 11048.93, 883.91, 11932.84, 8);

-- ============================================================
-- GENERATION SUMMARY
-- ============================================================
-- departments: 5 rows
-- roles: 8 rows
-- employees: 25 rows
-- customers: 30 rows
-- products: 20 rows
-- sales_orders: 50 rows
-- sales_order_items: 140 rows
-- payroll_runs: 6 rows
-- payroll_items: 144 rows
-- invoices: 35 rows